CREATE TABLE IF NOT EXISTS `account_ban` (
    `id` int(10) unsigned NOT NULL DEFAULT '0',
    `timestamp` int(10) unsigned NOT NULL DEFAULT '0',
    PRIMARY KEY (`id`)
) ENGINE=InnoDB DEFAULT CHARSET=utf8;

CREATE TABLE IF NOT EXISTS `account_info` (
    `id` int(10) unsigned NOT NULL DEFAULT '0',
    `username` varchar(30) NOT NULL DEFAULT '',
    `password` varchar(64) NOT NULL DEFAULT '',
    `salt` varchar(40) NOT NULL DEFAULT '',
    `adminRole` tinyint(3) unsigned NOT NULL DEFAULT '0',
    `gold` int(10) unsigned NOT NULL DEFAULT '2000',
    `shards` int(10) unsigned NOT NULL DEFAULT '0',
    `rating` smallint(5) unsigned NOT NULL DEFAULT '0',
    `flags` smallint(5) unsigned NOT NULL DEFAULT '1027',
    PRIMARY KEY (`id`)
) ENGINE=InnoDB DEFAULT CHARSET=utf8;

INSERT INTO `account_info` (`id`, `username`, `password`, `salt`, `adminRole`, `gold`, `shards`, `rating`, `flags`) VALUES
    (1, 'Test', 'cdddc3c043b10e2c7f884fad2c290148cac1d68df5500ed1dc7168318f957f99', 'a215b8ef54892b21b0280a07f4005aae003a3fb0', 2, 2000, 0, 0, 3);

CREATE TABLE IF NOT EXISTS `scroll_ability_template` (
    `entry` smallint(5) unsigned NOT NULL DEFAULT '0',
    `id` varchar(50) NOT NULL DEFAULT '',
    `name` varchar(100) NOT NULL DEFAULT '',
    `description` varchar(200) NOT NULL DEFAULT '',
    `resource` tinyint(3) unsigned NOT NULL DEFAULT '0',
    `cost` tinyint(3) unsigned NOT NULL DEFAULT '0',
    PRIMARY KEY (`entry`)
) ENGINE=InnoDB DEFAULT CHARSET=utf8;

INSERT INTO `scroll_ability_template` (`entry`, `id`, `name`, `description`, `resource`, `cost`) VALUES
    (1, 'Move', 'Move', 'Move unit to adjacent tile', 0, 0),
    (2, 'SummonWolf', 'Summon Wolf', 'Summon a Ragged Wolf.', 0, 0),
    (3, 'SacrificeAttack', 'Sacrifice Attack', 'Sacrifice this unit to deal 2 damage to target unit.', 0, 0),
    (4, 'TribalMemorialAbility', 'Pay 2 Energy', 'Pay 2 Energy to destroy ${NAME} and increase Growth by 1.', 1, 2),
    (5, 'DrawScrollAbility', 'Draw Scroll', 'Draw a scroll.', 0, 0),
    (6, 'GrowthRegenerateAbility', 'Heal', 'Heal self to full health for one Growth', 2, 1),
    (7, 'ToolInitiate', 'Increase Attack', 'Increase target structure\'s Attack by 1.', 0, 0),
    (8, 'SacrificeSelf', 'Sacrifice', 'This unit sacrifices itself.', 0, 0),
    (9, 'CursemongerAbility', 'Curse', 'Give Curse 2 to target unit.', 0, 0),
    (10, 'EnergyCountdownAbility', 'Pay 2 Energy', 'Pay 2 Energy to decrease Countdown by 2', 1, 2),
    (11, 'Flying', 'Flying', '', 0, 0),
    (12, 'MysticAltar', 'Mystic Altar', 'Target unit you control has its countdown increased by 2. Draw a scroll.', 0, 0),
    (13, 'Stitcher', 'Stitch', 'Sacrifice target creature to increase another target creature\'s Attack and Health by 2.', 0, 0),
    (14, 'FulminationConduit', 'Sacrifice', 'Add current Countdown to your current Energy.', 0, 0),
    (15, 'MarksmanAttack', 'Marksman Attack', 'Deal 3 damage to selected creature.', 0, 0),
    (16, 'DrawEnchantment', 'Draw Enchantment', 'Draw an Enchantment scroll. Take 1 damage.', 0, 0),
    (17, 'BannerOfOrdinance', 'Sacrifice', 'Remove all Lingering spells and heal adjacent units by 1.', 0, 0),
    (18, 'WingsSorceress', 'Purify', 'Remove enchantments and effects from target unit.', 0, 0),
    (19, 'Uhu', 'Increase Energy', 'Increase your current Energy by the number of Gravelocks you control.', 0, 0),
    (20, 'SnarglOmelette', 'Pay 2 Energy', 'Look at the next 2 Gravelocks in your library, and draw 1 of them.', 1, 2),
    (21, 'WindupAutomaton', 'Pay 3 Energy', 'Pay 3 Energy to increase Attack by Countdown until end of turn. Countdown is set to 0.', 1, 3);

CREATE TABLE IF NOT EXISTS `scroll_passive_template` (
    `entry` smallint(5) unsigned NOT NULL DEFAULT '0',
    `name` varchar(100) NOT NULL DEFAULT '',
    `description` varchar(200) NOT NULL DEFAULT '',
    PRIMARY KEY (`entry`)
) ENGINE=InnoDB DEFAULT CHARSET=utf8;

INSERT INTO `scroll_passive_template` (`entry`, `name`, `description`) VALUES
    (1, 'Ranged attack', 'This unit is unaffected by effects that apply only to melee units (for example Spiky).'),
    (2, 'Relentless', 'When a Relentless unit destroys another unit, it keeps attacking with its remaining Attack value.'),
    (3, 'Poisonous', 'When a creature attacks Infected Gravelock in melee combat, or is damaged by Infected Gravelock, that creature becomes poisoned.'),
    (4, 'Regeneration 2', 'Heals 2 each round, and removes poison.'),
    (5, 'Lobber: 4 tiles', 'This unit targets certain tiles instead of attacking forward.'),
    (6, 'Taxing 2', 'When Quake is played, subsequent castings of Quake have their cost increased by 2.'),
    (7, 'Armor 1', 'Physical damage dealt to Iron Ogre is reduced by 1.'),
    (8, 'Inspiring: +1 Attack', 'When Kinfolk Jarl comes into play, adjacent units have their Attack increased by +1 until end of turn.'),
    (9, 'Haste', 'Creature comes in play with Countdown set to 0.'),
    (10, 'Regeneration 1', 'Heals 1 each round, and removes poison.'),
    (11, 'Replenish', 'When Vengeance Veil is played, your current Wild is increased equal to the cost of Vengeance Veil.'),
    (12, 'Spiky 1', 'When enchanted unit is attacked in melee combat, enchanted unit deals 1 physical damage to attacking unit.'),
    (13, 'Lobber: 1 tile', 'This unit targets certain tiles instead of attacking forward.'),
    (14, 'Spiky 3', 'When Ducal Spearman is attacked in melee combat, Ducal Spearman deals 3 physical damage to attacking unit.'),
    (15, 'Magic resistance 1', 'Magic damage dealt to enchanted unit is reduced by 1.'),
    (16, 'Resonance: [Heal] 2', 'Resonance effects are triggered when you play a spell.'),
    (17, 'Unstable 1', 'When Rigged is destroyed, it deals 1 damage to your opponent\'s idol on the same row.'),
    (18, 'Unstable 2', 'When Loyal Darkling is destroyed, it deals 2 damage to your opponent\'s idol on the same row.'),
    (19, 'Taxing 1', 'When Damning Curse is played, subsequent castings of Damning Curse have their cost increased by 1.'),
    (20, 'Slayer', 'When Ilmire Hunter deals damage to a creature, that creature is destroyed.'),
    (21, 'Idol strike 3', 'When enchanted creature deals damage to an idol during combat, that idol is dealt an additional 3 damage.'),
    (22, 'Flying', 'Owl can move to any tile. If that tile is not adjacent to Owl, its Countdown is increased by 1.'),
    (23, 'Creature strike 2', 'When Wings Soldier deals damage to a creature during combat, that creature is dealt an additional 2 damage.'),
    (24, 'Idol strike 5', 'When Siege Cracker deals damage to an idol during combat, that idol is dealt an additional 5 damage.'),
    (25, 'Piercing', 'When a Piercing unit damages a unit, half of the damage (rounded down) is also dealt to the unit/idol behind it.'),
    (26, 'Linger: 5', 'This spell remains in play for 5 turns after being played.  If the same spell is cast again while it lingers, its duration is added to the remaining.'),
    (27, 'Dominion: [Relentless]', 'Dominion effects are active as long as at least one opponent idol is down.'),
    (28, 'Dominion: +3 Attack', 'Dominion effects are active as long as at least one opponent idol is down.'),
    (29, 'Unique', 'Summoning a Unique destroys previous Uniques with the same name.'),
    (30, 'Dominion: Undead creatures you control get +2 Attack.', 'Dominion effects are active as long as at least one opponent idol is down.'),
    (31, 'Pillage: Draw 1 structure scroll.', 'The pillage effect is triggered when this unit deals damage to an idol during combat.'),
    (32, 'Pillage: Immune to damage until the beginning of your next turn', 'The pillage effect is triggered when this unit deals damage to an idol during combat.'),
    (33, 'Surge: 2 [magic damage] to X random opponent units.', 'When this spell is cast, all remaining resources of its type are spent. The surge value (X) is equal to the amount spent.'),
    (34, 'Pillage: Increase Growth by 1. Vengeful Vaettr is dealt 1 [pure damage].', 'The pillage effect is triggered when this unit deals damage to an idol during combat.'),
    (35, 'Pillage: Your units get +1 Attack during your and your opponent\'s next turns.', 'The pillage effect is triggered when this unit deals damage to an idol during combat.'),
    (36, 'Inspiring: +2 Attack', 'When Urhald comes into play, adjacent units have their Attack increased by +2 until end of turn.'),
    (37, 'Pillage: Urhald\'s Countdown is set to 0 after attacking.', 'The pillage effect is triggered when this unit deals damage to an idol during combat.'),
    (38, 'Surge: Target unit gets +X Attack until end of turn.', 'When this spell is cast, all remaining resources of its type are spent. The surge value (X) is equal to the amount spent.'),
    (39, 'Magic resistance 2', 'Magic damage dealt to Earthbond is reduced by 2.'),
    (40, 'Spiky 2', 'When Wings Spear is attacked in melee combat, Wings Spear deals 2 damage to attacking unit.'),
    (41, 'Dominion: Spiky increased by 2.', 'Dominion effects are active as long as at least one opponent idol is down.'),
    (42, 'Dominion: +3 Attack. [Base Countdown] is decreased by 1.', 'Dominion effects are active as long as at least one opponent idol is down.'),
    (43, 'Linger: 3', 'This spell remains in play for 3 turns after being played.  If the same spell is cast again while it lingers, its duration is added to the remaining.'),
    (44, 'Dominion: [Ward]', 'Dominion effects are active as long as at least one opponent idol is down.'),
    (45, 'Pillage: Your [current] Energy is increased by 2 at the beginning of your next turn.', 'The pillage effect is triggered when this unit deals damage to an idol during combat.'),
    (46, 'Unstable 3', 'When Reaping Mask is destroyed, it deals 3 damage to your opponent\'s idol on the same row.'),
    (47, 'Linger: 4', 'This spell remains in play for 4 turns after being played.  If the same spell is cast again while it lingers, its duration is added to the remaining.'),
    (48, 'Linger: 6', 'This spell remains in play for 6 turns after being played.  If the same spell is cast again while it lingers, its duration is added to the remaining.'),
    (49, 'Dominion: Units you control have +1 Attack', 'Dominion effects are active as long as at least one opponent idol is down.'),
    (50, 'Linger: 8', 'This spell remains in play for 8 turns after being played.  If the same spell is cast again while it lingers, its duration is added to the remaining.'),
    (51, 'Ward', 'Cannot be targeted by opponent spells or enchantments.'),
    (52, 'Resonance: Adjacent units get +1 Attack until end of turn.', 'Resonance effects are triggered when you play a spell.'),
    (53, 'Resonance: Arbalestier\'s Countdown is decreased by 1.', 'Resonance effects are triggered when you play a spell.'),
    (54, 'Dominion: Draw 1 Soldier scroll.', 'Dominion effects are active as long as at least one opponent idol is down.'),
    (55, 'Pillage: A random opponent unit is dealt 1 [physical damage].', 'The pillage effect is triggered when this unit deals damage to an idol during combat.'),
    (56, 'Resonance: Snargl\'s Countdown is increased by 1.', 'Resonance effects are triggered when you play a spell.'),
    (57, 'Surge: Your [current] Wild is increased by X.', 'When this spell is cast, all remaining resources of its type are spent. The surge value (X) is equal to the amount spent.'),
    (58, 'Surge: Enchanted unit\'s Attack and Health are increased by X.', 'When this spell is cast, all remaining resources of its type are spent. The surge value (X) is equal to the amount spent.'),
    (59, 'Dominion: +2 Attack and +3 Health.', 'Dominion effects are active as long as at least one opponent idol is down.'),
    (60, 'Dominion: +2 Attack and +2 Health.', 'Dominion effects are active as long as at least one opponent idol is down.'),
    (61, 'Resonance: A random adjacent creature gets +1 Attack.', 'Resonance effects are triggered when you play a spell.'),
    (62, 'Resonance: +2 Attack until end of turn.', 'Resonance effects are triggered when you play a spell.'),
    (63, 'Dominion: Enchanted unit\'s Attack is increased by 5.', 'Dominion effects are active as long as at least one opponent idol is down.'),
    (64, 'Idol strike 4', 'When Pickaxe Volunteer deals damage to an idol during combat, that idol is dealt an additional 4 damage.'),
    (65, 'Armor 2', 'Physical damage dealt to Blast Automaton is reduced by 2.'),
    (66, 'Pillage: The damaged idol is destroyed.', 'The pillage effect is triggered when this unit deals damage to an idol during combat.'),
    (67, 'Surge: X other [random] structures you control have their Countdown decreased by 2.', 'When this unit is played, all remaining resources of its type are spent. The surge value (X) is equal to the amount spent.'),
    (68, 'Pillage: Increase Energy by 1.', 'The pillage effect is triggered when this unit deals damage to an idol during combat.'),
    (69, 'Pillage: +2 Attack and relentless until next attack.', 'The pillage effect is triggered when this unit deals damage to an idol during combat.'),
    (70, 'Surge: Deal X [magic damage] to target unit.', 'When this spell is cast, all remaining resources of its type are spent. The surge value (X) is equal to the amount spent.'),
    (71, 'Pillage: +3 Attack until next attack.', 'The pillage effect is triggered when this unit deals damage to an idol during combat.'),
    (72, 'Resonance: Adjacent units have their Countdown decreased by 1.', 'Resonance effects are triggered when you play a spell.'),
    (73, 'Dominion: While Pack Fowl is in play, Wild is increased by 2.', 'Dominion effects are active as long as at least one opponent idol is down.');

CREATE TABLE IF NOT EXISTS `scroll_tag_template` (
    `entry` smallint(5) unsigned NOT NULL DEFAULT '0',
    `name` varchar(50) NOT NULL DEFAULT '',
    `type` tinyint(3) unsigned NOT NULL DEFAULT '0',
    PRIMARY KEY (`entry`)
) ENGINE=InnoDB DEFAULT CHARSET=utf8;

INSERT INTO `scroll_tag_template` (`entry`, `name`, `type`) VALUES
    (1, 'sound_attack', 3),
    (2, 'sound_attack_delay', 1),
    (3, 'sound_attack_pitch_min', 1),
    (4, 'sound_attack_pitch_max', 1),
    (5, 'sound_attack_start', 3),
    (6, 'sound_cast_pitch_min', 1),
    (7, 'sound_cast', 3),
    (8, 'sound_cast_pitch_max', 1),
    (9, 'sound_cast_start', 3),
    (10, 'sound_cast_delay', 1),
    (11, 'sound_impact', 3),
    (12, 'anim_cardplayed', 3),
    (13, 'attack_every_round', 0),
    (14, 'increasing_cost', 2),
    (15, 'shake_cardplayed_y', 2),
    (16, 'shake_cardplayed_x', 2),
    (17, 'damage_reduction', 0),
    (18, 'shake_cardplayed_duration', 2),
    (19, 'shake_cardplayed', 1),
    (20, 'unit_no_anim', 0),
    (21, 'anim_kill', 3),
    (22, 'fast_projectile', 0),
    (23, 'unit_scale', 1),
    (24, 'sound_ability', 3),
    (25, 'sound_ability_pitch_min', 1),
    (26, 'sound_ability_pitch_max', 1),
    (27, 'unit_no_countdown', 0),
    (28, 'grower', 0),
    (29, 'indev', 0),
    (30, 'unit_siege', 0),
    (31, 'name', 3),
    (32, 'unit_offsety', 1),
    (33, 'unit_no_siege', 0),
    (34, 'anim_hit_dummy', 3);

CREATE TABLE IF NOT EXISTS `scroll_template` (
    `entry` smallint(5) unsigned NOT NULL DEFAULT '0',
    `name` varchar(50) NOT NULL DEFAULT '',
    `description` varchar(200) NOT NULL DEFAULT '',
    `flavor` varchar(200) NOT NULL DEFAULT '',
    `kind` tinyint(3) unsigned NOT NULL DEFAULT '0',
    `rarity` tinyint(3) unsigned NOT NULL DEFAULT '0',
    `health` tinyint(3) unsigned NOT NULL DEFAULT '0',
    `attack` tinyint(3) unsigned NOT NULL DEFAULT '0',
    `cooldown` tinyint(3) NOT NULL DEFAULT '0',
    `resource` tinyint(3) unsigned NOT NULL DEFAULT '0',
    `cost` tinyint(3) unsigned NOT NULL DEFAULT '0',
    `set` tinyint(3) unsigned NOT NULL DEFAULT '0',
    `limitedWeight` float unsigned NOT NULL DEFAULT '0',
    `cardImage` smallint(5) unsigned NOT NULL DEFAULT '0',
    `animationImage` smallint(5) unsigned NOT NULL DEFAULT '0',
    `animationInfo` varchar(50) NOT NULL DEFAULT '',
    `animationBundle` smallint(5) unsigned NOT NULL DEFAULT '0',
    `targetArea` tinyint(3) unsigned NOT NULL DEFAULT '0',
    PRIMARY KEY (`entry`)
) ENGINE=InnoDB DEFAULT CHARSET=utf8;

INSERT INTO `scroll_template` (`entry`, `name`, `description`, `flavor`, `kind`, `rarity`, `health`, `attack`, `cooldown`, `resource`, `cost`, `set`, `limitedWeight`, `cardImage`, `animationImage`, `animationInfo`, `animationBundle`, `targetArea`) VALUES
    (1, 'Gravelock Elder', 'Other Gravelocks you control have +1 Health.', 'Gravelocks look up to their elders... literally.', 3, 2, 5, 4, 2, 1, 5, 3, 1, 479, 445, '54.75,50.5,0.25', 448, 3),
    (2, 'Gravelock Raider', '', 'You can handle one or two, but before you know it, they\'re everywhere.', 3, 0, 2, 1, 2, 1, 1, 3, 1, 480, 446, '74.6,24.75,0.25', 449, 3),
    (3, 'Infected Gravelock', 'Infected Gravelock has [Move] 0.', '"It\'s seeping out of their god-damn pores."\\n- Lord Ungstram, Royal Strategist', 3, 0, 2, 2, 2, 3, 1, 3, 1, 481, 447, '45.75,19.25,0.25', 450, 3),
    (4, 'Gravehawk', 'Gravehawk gets +1 Attack for each Gravelock you control.', '"Mom always said I\'d end up in bad company. If she only knew..." \\n- Ryssa, Gravehawk', 3, 1, 3, 1, 2, 2, 2, 1, 1, 482, 448, '48.75,77,0.25', 451, 3),
    (13, 'Elan Vital', '', 'Heal faster than you hurt and you\'ll keep fighting forever.', 2, 0, 0, 0, 0, 2, 1, 1, 1, 483, 0, '', 0, 0),
    (15, 'Crown of Strength', 'Enchanted unit gets +1 Attack and +2 Health, and counts as a Knight.', 'The power of kings, imbued through discarded headwear.', 2, 1, 0, 0, 0, 0, 2, 1, 1, 484, 0, '', 0, 0),
    (16, 'Bear Paw', 'Enchanted unit gets +2 Attack and +2 Health. When Bear Paw comes into play, enchanted unit\'s Countdown is increased by 1.', 'The gods saw fit to give it strong limbs and a mellow temperament. ', 2, 0, 0, 0, 0, 2, 2, 2, 1, 485, 0, '', 0, 0),
    (17, 'Binding Root', 'Enchanted unit\'s [Move] is decreased by 2.', 'There\'s no better ally than the ground beneath your enemies.', 2, 0, 0, 0, 0, 2, 1, 1, 1, 486, 0, '', 0, 0),
    (18, 'Hymn', 'Units on target tile and adjacent tiles are healed by 3.', 'Music for those who can\'t dance.', 1, 1, 0, 0, 0, 2, 1, 1, 1, 487, 0, '', 0, 11),
    (19, 'Metempsychosis', 'Target unit you control is resummoned on the same tile. Its Countdown is set to its previous value.', 'Consider the egg. The image of unfulfilled potential, and you eat them for breakfast...', 1, 1, 0, 0, 0, 0, 3, 1, 1, 488, 0, '', 0, 4),
    (20, 'Thought Trap', 'Target unit\'s Countdown is doubled.', 'How far will a blind dog walk into a forest?', 1, 0, 0, 0, 0, 0, 2, 1, 1, 489, 0, '', 0, 4),
    (21, 'Rallying', 'Units you control have their Countdown decreased by 2.', 'FOLLOW THE JARL FOR THE KIN!', 1, 1, 0, 0, 0, 2, 5, 3, 1, 490, 0, '', 0, 1),
    (22, 'Brother of the Wolf', 'When Brother of the Wolf\'s Countdown is 0, you may increase Countdown by 2 to summon a\\n<Ragged Wolf> on an adjacent tile.', 'Befriending wolves isn\'t hard. Failure, however, can be costly.', 3, 0, 4, 3, 2, 2, 4, 3, 1, 491, 449, '63.5,86,0.25', 452, 3),
    (23, 'Callback', 'Target unit you control is returned to your hand, and your [current] Order is increased by the unit\'s cost.', 'Everyone deserves a second chance.', 1, 0, 0, 0, 0, 0, 3, 2, 1, 492, 0, '', 0, 4),
    (24, 'Catapult of Goo', 'Units attacked by Catapult of Goo have their Countdown increased by 2.', '"I don\'t know if the piddlejacks are drivers or parasites on that infernal machine." \\n- Ihrbraman, Creature Collector', 4, 0, 4, 1, 2, 1, 2, 1, 1, 493, 450, '89.5,80.3,0.25', 453, 10),
    (25, 'Thunder Surge', 'Target unit and connected units are dealt 2 [magic damage].', 'Fear not the thunder. Fear the lightning.', 1, 2, 0, 0, 0, 1, 6, 3, 2, 494, 0, '', 0, 2),
    (26, 'Champion Ring', 'Enchanted unit gets +2 Attack.', 'Hard to earn, even harder to carry.', 2, 0, 0, 0, 0, 2, 2, 3, 1, 715, 0, '', 0, 0),
    (27, 'Burn', 'Deal 3 [magic damage] to target unit. If that unit is destroyed, draw 1 scroll.', '"If you can\'t handle the fire, cool yourself in the kettle." \\n- Old machine priest saying', 1, 1, 0, 0, 0, 1, 4, 2, 0.5, 496, 0, '', 0, 4),
    (29, 'Fertile Soil', 'Sacrifice target creature you control and draw 3 scrolls.', 'The Kinfolk don\'t mourn their dead; nature doesn\'t waste life.', 1, 2, 0, 0, 0, 2, 4, 1, 1, 497, 0, '', 0, 4),
    (30, 'Death Cap Berserk', 'When Death Cap Berserk comes into play, and at the beginning of its turns, enchanted creature\'s Countdown is decreased by 2 and it is dealt 1 [magic damage].', '"I love music. Especially wardrums." \\n- Harald, Berserker', 2, 2, 0, 0, 0, 2, 3, 3, 1, 498, 0, '', 0, 0),
    (32, 'Destroyer', '', 'About to dodge? It\'s too late!', 4, 1, 4, 2, 1, 1, 4, 3, 1, 499, 451, '73.05,67.2,0.25', 454, 10),
    (33, 'Druid Burial Ground', 'At the beginning of your turn, adjacent units are [healed] by 1.', '"I once saw two cats fighting next to such a monument. The fight lasted a week, then they starved to death."\\n- Ihrbraman, Creature Collector', 4, 1, 5, 0, -1, 2, 3, 3, 1, 500, 452, '96.3,98.3,0.25', 455, 0),
    (34, 'Quake', 'Deal 3 [magic damage] to all structures and 2 [magic damage] to all creatures.', 'No matter your skill, you can\'t parry the ground.', 1, 2, 0, 0, 0, 2, 5, 1, 2, 501, 0, '', 0, 1),
    (35, 'Inferno Blast', 'Deal 1 [magic damage] to target tile and adjacent tiles.', 'The power of ten men in one practical projectile.', 1, 0, 0, 0, 0, 1, 2, 1, 1.5, 502, 0, '', 0, 11),
    (36, 'Flip', 'Move target opponent unit to another tile on the same side.', 'A shift in perspective isn\'t always a good thing.', 1, 1, 0, 0, 0, 0, 2, 2, 1, 503, 0, '', 0, 1),
    (37, 'Frost Wind', 'Units on target tile and adjacent tiles have their Countdown increased by 1.', 'Packing an extra blanket is always good. Or five, if you\'re heading north.', 1, 1, 0, 0, 0, 0, 2, 1, 1, 504, 0, '', 0, 11),
    (38, 'Great Wolf', 'Great Wolf gets +1 Attack for each other Wolf you control.', 'The beasts have legends too.', 3, 2, 5, 3, 2, 2, 5, 2, 1, 505, 453, '97.5,22.6,0.25', 456, 3),
    (39, 'Iron Ogre', '', 'Step aside or be disintegrated.', 3, 2, 6, 8, 3, 1, 7, 1, 1, 506, 454, '84.4,91.5,0.25', 457, 3),
    (40, 'Junkyard', 'Rats you control have +1 Attack and +1 Health.', 'Rats aren\'t picky.', 4, 0, 3, 0, -1, 2, 1, 2, 1, 507, 455, '80.55,116.3,0.25', 458, 0),
    (41, 'Kinfolk Brave', '', 'Braves are eager to prove their worth. The Jarls are happy to let them.', 3, 2, 2, 2, 1, 2, 2, 2, 1, 508, 456, '96.9,71.6,0.25', 459, 3),
    (42, 'Kinfolk Jarl', 'Kinfolk Jarl has +1 Attack for each adjacent creature.', 'The strength of his people, crushing your people.', 3, 2, 6, 4, 2, 2, 7, 3, 1, 509, 839, '61.15,106.3,0.25', 460, 3),
    (43, 'Leeching Ring', 'When enchanted creature deals damage, it is [healed] by its Attack value.', 'Search the ponds. Find one and your name is eternal.', 2, 1, 0, 0, 0, 2, 1, 2, 1, 510, 0, '', 0, 0),
    (44, 'Mangy Wolf', 'When Mangy Wolf comes into play, other Wolf creatures you control have their Countdown decreased by 1.', '"The fat wolf is not dangerous."\\n- Kinfolk proverb', 3, 0, 3, 2, 2, 2, 3, 2, 1, 511, 458, '94.1,12.4,0.25', 461, 3),
    (45, 'Dryadic Power', 'Enchanted creature gets +1 Attack and +3 Health, and its [Move] is decreased by 1.', 'The strength of a tree with the resolve of a rock.', 2, 1, 0, 0, 0, 2, 1, 3, 1, 512, 0, '', 0, 0),
    (47, 'Potion of Resistance', 'For 3 rounds, damage dealt to enchanted unit is reduced to 1.', 'Sometimes you\'ve just got to take the hit.', 2, 2, 0, 0, 0, 1, 1, 1, 1, 720, 0, '', 0, 0),
    (48, 'Pushback', 'Target unit is returned to its owner\'s hand.', 'You know you\'re not wanted when your body dissolves.', 1, 1, 0, 0, 0, 0, 4, 1, 1, 514, 0, '', 0, 4),
    (49, 'Ragged Wolf', '', 'Fast and feisty.', 3, 0, 2, 1, 2, 2, 1, 2, 1, 515, 459, '94.2,12.4,0.25', 462, 3),
    (50, 'Kabonk', 'Deal 1 [magic damage] to target unit. Draw 1 scroll.', 'Ouch!', 1, 0, 0, 0, 0, 0, 2, 3, 1, 516, 0, '', 0, 4),
    (51, 'Shrine', 'Other units you control have +1 Health.', 'With a strong enough faith, you don\'t need gods for miracles.', 4, 2, 2, 0, -1, 0, 3, 3, 1, 517, 460, '45.55,95.8,0.25', 463, 0),
    (52, 'Sinmarked Zealot', 'When Countdown is 0, you may sacrifice Sinmarked Zealot to deal 2 [magic damage] to target unit.', 'When his time comes, so will yours.', 3, 1, 2, 1, 2, 0, 1, 1, 1, 518, 461, '91.8,72,0.25', 464, 3),
    (53, 'Sister of the Fox', 'When Sister of the Fox comes into play, draw 1 scroll.', 'The eyes and ears of the Jarl.', 3, 0, 1, 1, 2, 2, 2, 3, 1, 873, 883, '42.25,83.8,0.25', 465, 3),
    (54, 'Royal Vanguard', 'When Royal Vanguard\'s Countdown becomes 0, adjacent units get +2 Attack until end of turn.', 'Honor. Power. Axe.', 3, 2, 5, 3, 2, 0, 5, 1, 1, 520, 463, '57.75,116.25,0.25', 466, 3),
    (55, 'Speed', 'Target unit\'s Countdown is decreased by 3.', 'They won\'t know what hit them.', 1, 2, 0, 0, 0, 0, 3, 2, 1, 521, 0, '', 0, 4),
    (56, 'Essence Feast', 'Idols you control are healed by 1. Beasts get +2 Attack until end of turn. Draw 1 Beast.', 'Just like love, it can heal and hurt.', 1, 2, 0, 0, 0, 2, 4, 2, 1, 522, 0, '', 0, 1),
    (57, 'Pother', 'Target unit is moved to a random adjacent tile. Draw 1 scroll.', 'Now you\'re there, now you\'re not!', 1, 1, 0, 0, 0, 0, 2, 2, 1, 523, 0, '', 0, 4),
    (58, 'Unleash Inner Power', 'Target creature\'s Attack is increased by its Health value. Its Health is then set to 2.', 'My very essence shall be my blade.', 2, 2, 0, 0, 0, 2, 3, 3, 1, 524, 0, '', 0, 0),
    (59, 'Lifestealer', 'When Lifestealer deals damage, it is [healed] by 2.', 'One day he\'ll pay for these borrowed lives.', 3, 1, 5, 4, 2, 3, 5, 1, 1, 716, 840, '41.25,86.3,0.25', 467, 3),
    (60, 'Eternal Statue', '', 'It\'s said some sculptors infuse their work with a life of its own.', 4, 0, 4, 0, -1, 2, 2, 1, 1, 526, 465, '61.65,111,0.25', 468, 0),
    (61, 'Waking Stones', 'All damage dealt to Waking Stones is reduced to 1.', '"The problem with stone is that it is stationary. We fixed that."\\n- Uria, Geo Mage', 4, 2, 3, 0, -1, 0, 3, 1, 1, 527, 466, '48.75,117.3,0.25', 469, 0),
    (62, 'Transposition', 'Switch places of two units you control. Draw 1 scroll.', 'You don\'t need powerful allies. You need allies in the right places.', 1, 0, 0, 0, 0, 0, 2, 3, 1, 528, 0, '', 0, 1),
    (63, 'Vitality Well', 'When Vitality Well\'s Countdown becomes 0, units you control are [healed] by 1.', 'Refreshing!', 4, 0, 3, 0, 3, 2, 2, 1, 1, 529, 467, '49.05,-0.5,0.25', 470, 0),
    (64, 'Blessing of Haste', 'Target unit\'s Countdown is decreased by 1.', 'A little bit of speed can make all the difference.', 1, 1, 0, 0, 0, 0, 1, 3, 1, 530, 0, '', 0, 4),
    (65, 'Ancestral Totem', 'Creatures you control have +1 Attack.', 'Kinfolk creations aren\'t always pleasant.', 4, 2, 2, 0, -1, 2, 4, 3, 1, 531, 468, '41,85.75,0.25', 471, 0),
    (66, 'Copper Automaton', 'Copper Automaton is destroyed after attacking.', 'Explosively cute.', 3, 0, 2, 4, 1, 1, 1, 2, 1, 532, 469, '62.75,-22.45,0.25', 472, 3),
    (67, 'Spark', 'Deal 2 [magic damage] to target unit.', 'The smallest spark can cause a decent flame.', 1, 0, 0, 0, 0, 1, 2, 3, 1, 533, 0, '', 0, 4),
    (68, 'Cannon Automaton', '', 'wrrr wrrr clunk phssssht BwoooOOOM wrrr wrrr', 3, 1, 5, 5, 2, 1, 6, 2, 1, 1200, 1208, '101.2,111.45,0.25', 637, 3),
    (69, 'Bitter Root', '', '"Sure, there\'s plenty to eat in the swamps. Shame it\'s all poisoned." \\n- Gundar, Marsh Guide', 4, 0, 3, 0, -1, 3, 1, 1, 1, 535, 471, '83.8,25.55,0.25', 474, 0),
    (70, 'Violent Dispersal', 'Deal 8 [magic damage] to target unit.', '"When he said \'Disperse!\' I thought he meant all of us. Turns out he was only addressing poor Mikal." \\n- Mahts, Infantryman\\n', 1, 2, 0, 0, 0, 1, 6, 2, 1, 536, 0, '', 0, 4),
    (71, 'Focus', 'Target creature gets +3 Attack until end of turn.', 'If it\'s worth killing, kill it good!', 1, 0, 0, 0, 0, 0, 1, 1, 1, 537, 0, '', 0, 4),
    (73, 'New Orders', 'Your units have their [Move] increased by 1 until end of turn.', 'REGROUP!', 1, 0, 0, 0, 0, 0, 1, 1, 1, 538, 0, '', 0, 1),
    (74, 'Honorable General', 'When Honorable General\'s Countdown becomes 0, adjacent units have their Countdown decreased by 2.', 'Time and again, he has brought victory. The Empire\'s reward is war.', 3, 2, 6, 4, 3, 0, 6, 3, 1, 829, 828, '104.9,154.7,0.25', 475, 3),
    (75, 'Kinfolk Veteran', '', 'It\'s tough getting old in this business.', 3, 1, 3, 3, 2, 2, 5, 3, 0.5, 540, 788, '113.1,78.1,0.25', 476, 3),
    (76, 'Rumble', 'Each opponent unit is moved to a random adjacent tile.', 'Shaken, not crushed.', 1, 1, 0, 0, 0, 2, 3, 1, 1, 541, 0, '', 0, 1),
    (77, 'Fury', 'All units have their Countdown decreased by 1.', 'Fanning the flames of battle.', 1, 1, 0, 0, 0, 1, 3, 3, 1, 542, 0, '', 0, 1),
    (78, 'Crimson Bull', 'Units you control get +2 Attack until end of turn.', 'Drink, and take flight!', 1, 0, 0, 0, 0, 2, 3, 3, 1, 734, 0, '', 0, 1),
    (79, 'Machine Priest', 'Machine Priest does not attack. Structures and Automatons you control have +1 Attack.', 'Deep within the mountainous assembly halls, the Litany Mechanica is sung day and night.', 3, 1, 4, 0, 2, 1, 3, 1, 1, 544, 474, '81.7,68.8,0.25', 477, 0),
    (80, 'Ember Bonds', 'Enchanted unit is dealt 3 [magic damage] before attacking.', 'It\'s inevitable.', 2, 1, 0, 0, 0, 1, 3, 2, 1, 545, 0, '', 0, 0),
    (81, 'End of Reason', 'Sacrifice all units you control with a non-zero Countdown. Each unit sacrificed this way deals 2 [magic damage] to opponent units on the same row.', '"You served me well as soldiers. Now serve me as projectiles!"\\n- Arran, Machine Priest', 1, 2, 0, 0, 0, 1, 3, 3, 1, 546, 0, '', 0, 1),
    (82, 'Ether Pump', 'When Ether Pump attacks, opponent\'s units are dealt 1 [physical damage].', '"I know what it looks like! Trust me. A few of these will win any siege." \\n- Arran, Machine Priest', 4, 1, 5, 0, 3, 1, 4, 3, 0.5, 547, 475, '52.3,55.3,0.25', 478, 4),
    (83, 'Golem Skin', 'When Golem Skin comes into play, enchanted creature gains Attack and Health equal to the number of structures you control. Structures you control take 1 [magic damage].', 'When you wear machines, laundry day is your greatest worry.', 2, 0, 0, 0, 0, 1, 2, 1, 1, 548, 0, '', 0, 0),
    (84, 'Frost Gale', 'Deal 1 [magic damage] to all units.', 'Bad weather is a great weapon. If only you could aim it.', 1, 0, 0, 0, 0, 2, 2, 2, 2, 549, 0, '', 0, 1),
    (85, 'Magma Pack', 'When Magma Pack comes into play, enchanted unit\'s Attack is doubled. Enchanted unit is destroyed after attacking.', 'Don\'t worry, just push the button when you arrive.', 2, 1, 0, 0, 0, 1, 2, 2, 1, 550, 0, '', 0, 0),
    (86, 'Plate Armor', 'Enchanted unit gets +2 Health.', '"If only we had enough for everyone..."\\n- Lord Ungstram, Royal Strategist', 2, 2, 0, 0, 0, 0, 2, 2, 1, 551, 0, '', 0, 0),
    (87, 'Tick Bomb', 'Destroy target structure.', 'Sounds like tick, looks like tick.', 1, 0, 0, 0, 0, 1, 3, 1, 1, 552, 0, '', 0, 4),
    (88, 'Vitriol Aura', '', 'Try not to breathe.', 2, 0, 0, 0, 0, 2, 1, 2, 1, 826, 0, '', 0, 0),
    (89, 'Eye of Eagle', 'Draw 1 creature scroll.', 'Strategy is nothing if you\'re blind.', 1, 0, 0, 0, 0, 2, 1, 2, 1, 554, 0, '', 0, 1),
    (90, 'Proximity Charge', 'When destroyed in [melee combat], attacking unit is dealt 4 [physical damage]. When Proximity Charge comes into play, a copy is summoned adjacent to it.', 'Tread lightly!', 4, 0, 1, 0, -1, 1, 4, 2, 1, 555, 1180, '82,0.25,0.25', 625, 0),
    (91, 'Frostbeard', 'When Frostbeard is destroyed during your opponent\'s turn, units you control get +2 Attack until end of your next turn.', 'An honorable death is not to be mourned; it\'s a blessing.', 3, 0, 2, 6, 3, 2, 3, 1, 1, 1201, 1209, '100.7,61.05,0.25', 638, 3),
    (92, 'Heritage', 'When enchanted unit you control is destroyed, draw 2 scrolls.', '"This way your life, or death, won\'t be a complete waste." \\n- Lord Ungstram, Royal Strategist', 2, 1, 0, 0, 0, 0, 3, 3, 1, 557, 0, '', 0, 0),
    (93, 'Faith Blessing', 'Target unit you control takes 2 [magic damage]. Your opponent\'s idol on that row is dealt 2 damage, and your idol is healed by 2.', '"It\'s an immense honor. Be grateful for it." \\n- Pater Brecht', 1, 0, 0, 0, 0, 0, 2, 2, 1, 718, 0, '', 0, 4),
    (94, 'Nutrition', 'Sacrifice target unit you control and add that unit\'s cost to your [current] resources.', 'A cadaver for some, a feast for others.', 1, 1, 0, 0, 0, 2, 2, 1, 1, 559, 0, '', 0, 4),
    (95, 'Powerbound', 'When enchanted unit you control is destroyed, increase Order by 1.', '"I\'ll just borrow some life force when you don\'t need it anymore."\\n- Lord Ungstram, Royal Strategist', 2, 0, 0, 0, 0, 0, 1, 3, 0, 560, 0, '', 0, 0),
    (96, 'Gun Automaton', '', 'A special kind of turtle.', 3, 0, 3, 2, 2, 1, 2, 2, 1, 1202, 1210, '47.2,-19,0.25', 639, 3),
    (97, 'Vengeance Veil', 'When enchanted unit takes damage, its Countdown is decreased by 1.', 'All is blood from behind the crimson veil.', 2, 0, 0, 0, 0, 0, 2, 1, 1, 721, 0, '', 0, 0),
    (98, 'Useless Contraption', '', 'Working as intended.', 4, 0, 4, 0, -1, 1, 1, 2, 1, 563, 478, '58.9,8,0.25', 481, 0),
    (99, 'Purification', 'Remove all enchantments and [effects] from target unit.', 'The innocence of youth can cleanse the corrupt.', 1, 0, 0, 0, 0, 0, 1, 2, 1, 564, 0, '', 0, 4),
    (100, 'Ranger\'s Bane', 'Enchanted creature becomes [poisoned].', 'You haven\'t really died until you\'ve been slowly strangled by poisonous roots.', 2, 1, 0, 0, 0, 2, 2, 2, 1, 565, 0, '', 0, 0),
    (101, 'Horn of Ages', 'Opponent units have their [Move] decreased by 1 until end of their turn.', 'You\'re thankful for surviving battles past, until you crumble under the weight of the memories.', 1, 0, 0, 0, 0, 0, 1, 2, 1, 566, 0, '', 0, 1),
    (102, 'Mire Curse', 'Mire Curse deals 1 [poison damage] to adjacent creatures at the beginning of each of its turns.', 'It\'s putrid, but it\'s home.', 2, 1, 0, 0, 0, 3, 2, 1, 1, 567, 0, '', 0, 0),
    (103, 'Faith Chains', 'When enchanted creature is destroyed, Faith Chains deals 1 damage to opponent idols.', '"The chains weigh heavier on them, my son." \\n- Pater Brecht', 2, 2, 0, 0, 0, 0, 2, 2, 1, 568, 0, '', 0, 0),
    (104, 'Bloodboil', 'When enchanted unit takes damage, it gets +2 Attack.', 'AURRGH... YOU... I... KILL RAAAHH!!', 2, 0, 0, 0, 0, 2, 2, 3, 1, 569, 0, '', 0, 0),
    (105, 'Summons', 'Draw 1 structure scroll.', '"We need more stuff!" \\n- Lord Ungstram, Royal Strategist', 1, 0, 0, 0, 0, 0, 1, 3, 1, 570, 0, '', 0, 1),
    (107, 'Scattergunner', '', '"He was carrying WHAT?!"\\n- Mahts, Infantryman', 3, 0, 2, 5, 2, 1, 3, 3, 1, 574, 572, '100.5,62.25,0.25', 482, 3),
    (108, 'Law Memorial', 'When Law Memorial\'s Countdown becomes 0, it\'s destroyed and Order is increased by 1.', 'You\'d think a people so fond of writing would remember the words of their ancestors.', 4, 0, 4, 0, 2, 1, 2, 1, 0, 591, 575, '36.15,40.6,0.25', 483, 0),
    (109, 'Desert Memorial', 'When Desert Memorial is destroyed, increase Energy by 1.', 'Breakers against the eroding waves of time.', 4, 0, 3, 0, -1, 0, 3, 1, 0, 592, 576, '41.15,6.65,0.25', 484, 0),
    (110, 'Tribal Memorial', 'Pay 2 Energy to destroy Tribal Memorial and increase Growth by 1.', 'Lest we forget the times of peace.', 4, 0, 3, 0, -1, 1, 1, 1, 0, 593, 577, '46.25,-11.45,0.25', 485, 0),
    (111, 'Woodland Memorial', 'When you play a spell or enchantment, Woodland Memorial is destroyed. Increase Growth by 1.', 'The Kinfolk have forgotten, but the trees remember.', 4, 0, 1, 0, -1, 0, 2, 1, 0, 594, 578, '52.6,6.7,0.25', 486, 0),
    (112, 'Sand Pact Memorial', 'When Sand Pact Memorial comes into play, increase [current] Energy by 5.', 'Like grains of sand in an hourglass, our memories fade over time.', 4, 0, 1, 0, -1, 2, 3, 1, 0.25, 595, 579, '41.15,6.15,0.25', 487, 0),
    (113, 'Stone Pact Memorial', 'When Stone Pact Memorial comes into play, increase Order by 1.', 'We remember the times, but not the promises.', 4, 0, 2, 0, -1, 2, 3, 1, 0, 596, 580, '41.15,23.15,0.25', 488, 0),
    (114, 'Illthorn Seed', 'When enchanted unit you control is destroyed, summon an <Illthorn> in its place.', 'This corpse brings its own flowers to the funeral.', 2, 1, 0, 0, 0, 2, 1, 2, 1, 597, 0, '', 0, 0),
    (115, 'Illthorn', '', '"Look, Barbra. Wires!" \\n- Ihrbraman, Creature Collector', 4, 0, 4, 0, -1, 2, 2, 2, 1, 598, 841, '71.25,42,0.25', 489, 0),
    (116, 'Decimation', 'Units on target row are dealt 1 [magic damage]. Opponent\'s idol on that row is dealt 2 damage.', 'One by one by one they fall, and now we\'ve reached the Cobalt Hall...', 1, 2, 0, 0, 0, 0, 3, 3, 1, 599, 0, '', 0, 14),
    (117, 'God Hand', 'Units you control get +2 Attack until end of turn, and have their Countdown decreased by 2.', 'Howl for the gods!', 1, 2, 0, 0, 0, 2, 8, 3, 1, 600, 0, '', 0, 1),
    (118, 'Hellspitter Mortar', 'Attacks a randomly selected tile on opponent\'s board.', 'Aim? With enough power you don\'t need aim.', 4, 2, 6, 5, 2, 1, 3, 2, 1, 601, 612, '151.4,169.3,0.25', 490, 1),
    (119, 'Knight Scholar', 'When Knight Scholar\'s Countdown is 0, you may reset its Countdown to draw 1 scroll.', 'Knowledge is strength. ', 3, 2, 4, 3, 2, 0, 4, 1, 1, 874, 871, '57.85,111.15,0.25', 491, 3),
    (120, 'Obelisk', '', 'Good for leaning on. And hiding behind...', 4, 0, 5, 0, -1, 0, 2, 1, 1, 603, 583, '50.05,56.55,0.25', 492, 0),
    (121, 'Ducal Infantryman', 'Other creatures you control on the same row have +1 Attack.', 'Strength in numbers.', 3, 0, 3, 1, 2, 0, 2, 3, 1, 1177, 1181, '67.3,85.6,0.25', 626, 3),
    (122, 'Ducal Skirmisher', '', 'Slice and dice!', 3, 0, 4, 3, 2, 0, 4, 3, 1, 1178, 1182, '140.3,89.7,0.25', 627, 3),
    (123, 'Ducal Spearman', '', 'If you bait them, they will come.', 3, 0, 4, 1, 2, 0, 4, 3, 1, 1179, 1183, '60.85,117.3,0.25', 628, 3),
    (124, 'Resonant Helm', '', 'You\'ll hear the silent whispers of magic and it will change you.', 2, 0, 0, 0, 0, 0, 1, 2, 1, 607, 0, '', 0, 0),
    (125, 'Crossbowman', '', 'Locked, loaded, and lying in wait...', 3, 0, 2, 4, 3, 0, 1, 2, 1, 608, 587, '93.75,70.75,0.25', 496, 3),
    (126, 'Royal Infantryman', 'Other creatures you control on the same row have +1 Health.', 'Yes, my Liege. I\'ll protect them, my Liege.', 3, 1, 2, 1, 2, 0, 1, 2, 1, 609, 588, '68.05,85.6,0.25', 497, 3),
    (127, 'Royal Skirmisher', '', 'Double the swords, double the fun!', 3, 1, 3, 3, 2, 0, 3, 2, 0.5, 610, 589, '84,79.55,0.25', 498, 3),
    (128, 'Royal Spearman', '', 'HOOOOOLLLD!', 3, 1, 3, 2, 2, 0, 3, 2, 1, 611, 590, '60.85,125.3,0.25', 499, 3),
    (129, 'Bunny', 'If Bunny\'s Attack is 0, it will summon another Bunny in an adjacent tile instead of attacking.', 'Cute, crafty, and quick to procreate.', 3, 1, 1, 0, 3, 2, 1, 2, 1, 719, 714, '21.3,-40.45,0.25', 500, 3),
    (130, 'Gravelock Outcast', 'Pay 1 Growth to fully [heal] Gravelock Outcast.', '"Cast out from gravelock society? Wow, that\'s some feat."\\n- Siani, Dyrran Historian', 3, 0, 3, 3, 2, 1, 3, 3, 1, 733, 732, '74.6,24.75,0.25', 501, 3),
    (131, 'Tethered Recruit', 'When Tethered Recruit is destroyed, increase Order by 1.', '"Its mind is muddled, but its heart is still with the army."\r\\n- Arhart, Mire Master', 3, 1, 1, 2, 2, 3, 2, 1, 0.5, 762, 765, '68.05,91.85,0.25', 502, 3),
    (133, 'Darkstrike', 'Deal 2 [magic damage] to target unit. If that unit is destroyed, increase Decay by 1.', 'When darkness envelops, life abandons.', 1, 1, 0, 0, 0, 1, 4, 4, 0.5, 824, 0, '', 0, 4),
    (134, 'Efficiency', 'Target unit gets +2 Attack until end of turn. If that unit destroys another unit this turn, increase Energy by 1.', 'The best discipline conserves energy.', 1, 1, 0, 0, 0, 0, 1, 4, 0.25, 763, 0, '', 0, 4),
    (135, 'Erode', 'Target structure is dealt 2 [magic damage]. Increase Decay by 1.', 'From life, destruction. From ashes, life.', 1, 1, 0, 0, 0, 2, 1, 4, 0, 953, 0, '', 0, 4),
    (137, 'Return To Nature', 'Creatures on target tile and adjacent tiles get -1 Health until end of turn. If a creature with this effect is destroyed, increase Growth by 1.', 'Wither and begin anew.', 1, 1, 0, 0, 0, 3, 3, 1, 0.5, 764, 0, '', 0, 11),
    (138, 'Blast Strike', 'When enchanted creature deals damage, units adjacent to its target are dealt 1 [magic damage].', '"Needs more brutal."\\n- Arran, Machine Priest', 2, 1, 0, 0, 0, 1, 1, 3, 1, 846, 0, '', 0, 0),
    (139, 'Rigged', 'When enchanted structure is destroyed in combat, opponent units on the same row are dealt 2 [physical damage].', 'Strap it on, then stand back.', 2, 0, 0, 0, 0, 1, 1, 3, 1, 736, 0, '', 0, 0),
    (140, 'Overdrive', 'When Overdrive comes into play, and at the beginning of its turns, enchanted structure\'s Countdown is decreased by 2 and it is dealt 1 [magic damage].', '\\n"I know it\'ll break. I just\\ndon\'t care."\\n- Arran, Machine Priest', 2, 1, 0, 0, 0, 1, 2, 1, 1, 737, 0, '', 0, 0),
    (141, 'Plating', 'Enchanted unit disregards next attack or damage taken. Plating is removed afterwards.', 'Almost works like real armor.', 2, 0, 0, 0, 0, 1, 2, 1, 1, 738, 0, '', 0, 0),
    (142, 'Iron Whip', 'Deal 1 [magic damage] to target unit. It gets +1 Attack until end of turn, and its Countdown is decreased by 1. ', 'A whip for steel hides.', 1, 1, 0, 0, 0, 1, 2, 2, 1, 739, 0, '', 0, 4),
    (143, 'Incendiaries', 'Deal 3 [magic damage] to all opponent structures.', 'It\'s raining cats and bombs.', 1, 0, 0, 0, 0, 1, 3, 2, 1, 740, 0, '', 0, 1),
    (145, 'Redesign', 'Target creature\'s Attack and Health switch values.', '"Trust me, it\'s better this way."\\n-Amhan, Machine Master', 2, 1, 0, 0, 0, 1, 2, 3, 1, 741, 0, '', 0, 0),
    (146, 'Desperation', 'Target creature gets +2 Attack until end of turn for each opponent unit on the same row. It is then dealt 1 [magic damage].', 'Many a conqueror have been surprised by the ferocity of desperate defenders.', 1, 0, 0, 0, 0, 1, 2, 3, 1, 742, 0, '', 0, 4),
    (147, 'Blind Rage', 'Target creature deals [magic damage] equal to its Countdown to adjacent units. Its Countdown is then increased by 1.', 'When you\'re seeing red, friends and foes look the same.', 1, 1, 0, 0, 0, 1, 4, 1, 2, 743, 0, '', 0, 4),
    (148, 'Machination Mindset', 'Enchanted melee creature gets [Relentless] and +1 Attack.', 'No doubt, no fear, no thought.', 2, 1, 0, 0, 0, 1, 2, 2, 1, 745, 0, '', 0, 0),
    (149, 'Concentrate Fire', 'Target Ranged or Lobber unit makes an extra attack after its next attack.', 'Double the fire, double the fun.', 2, 1, 0, 0, 0, 1, 3, 1, 1, 747, 0, '', 0, 0),
    (150, 'Tool Initiate', 'When Tool Initiate\'s Countdown is 0, you may increase its Countdown by 1 to give target structure +1 Attack.', '"Let me just tweak this..."\\n-Amhan, Machine Master', 3, 1, 3, 2, 2, 1, 2, 2, 1, 848, 849, '76.7,80.45,0.25', 503, 3),
    (151, 'Metal Heart', 'Enchanted creature counts as an Automaton, and its Attack is increased by the number of other Automatons you control.', 'More machines, more mayhem.', 2, 0, 0, 0, 0, 1, 2, 1, 1, 750, 0, '', 0, 0),
    (152, 'Bombard', 'Ranged or Lobber units on target tile and adjacent tiles have their Countdown decreased by 2.', 'FIRE AT WILL!', 1, 2, 0, 0, 0, 1, 3, 1, 1, 751, 0, '', 0, 11),
    (153, 'Clock Library', 'When Clock Library\'s Countdown becomes 0, it\'s destroyed and you draw 3 scrolls.', 'Tick. Tick. Tick. Tick...', 4, 0, 5, 0, 4, 1, 4, 2, 1, 752, 753, '41.8,29.8,0.25', 504, 0),
    (154, 'Wildling', 'When a creature comes into play adjacent to Wildling, Wildling is dealt 1 [pure damage] and gets +1 Attack.', 'Sometimes you just want to be left alone.', 3, 1, 4, 0, 1, 2, 3, 1, 1, 754, 756, '48.3,-0.2,0.25', 505, 3),
    (155, 'Mangonel', 'When Mangonel comes into play, your Mangonels\' Countdowns are\\nset to the lowest of any you control.', 'Powerful, portable, and packing a punch.', 4, 1, 2, 3, 3, 0, 3, 3, 1, 755, 757, '83.8,72.05,0.25', 506, 10),
    (156, 'Vaettr of the Wild', 'While Vaettr of the Wild is in play, Growth is increased by 1.', 'The forest personified. Cute.', 3, 1, 1, 1, 2, 2, 1, 3, 1, 758, 759, '66.9,80.5,0.25', 507, 3),
    (157, 'Imperial Resources', 'Draw 2 scrolls. Your idols are [healed] by 1. Increase Order by 1.', 'From the furthest reaches of the Empire, they hauled their gear. Now, the time has come to use it.', 1, 2, 0, 0, 0, 0, 7, 3, 1, 760, 0, '', 0, 1),
    (158, 'Divine Mark', 'When enchanted creature is destroyed, it is returned to owner\'s hand. If it was destroyed by damage from another unit, that unit is returned to its owner\'s hand.', '"Let\'s try that again."\\n- Lord Ungstram, Royal Strategist', 2, 1, 0, 0, 0, 0, 2, 2, 1, 761, 0, '', 0, 0),
    (159, 'Unbind', 'Destroy target enchanted unit.', 'What once was no longer is.', 1, 1, 0, 0, 0, 3, 3, 1, 1, 766, 0, '', 0, 4),
    (160, 'Charge Coil', 'When Charge Coil attacks, a random opponent unit is dealt 1 [physical damage].', '"This is extremely annoying."\\n- Arhart, Mire Master', 4, 0, 3, 0, 1, 1, 3, 3, 0.5, 802, 803, '49.3,9.55,0.25', 508, 1),
    (161, 'Viscera Sage', 'When Viscera Sage destroys another unit, draw 1 scroll.', 'Reading entrails takes a strong stomach.', 3, 1, 2, 2, 2, 3, 2, 3, 1, 767, 771, '75.05,82.35,0.25', 509, 3),
    (162, 'Loyal Darkling', 'When Countdown is 0, you may sacrifice Loyal Darkling.', 'To night, she\'ll return.', 3, 0, 2, 1, 2, 3, 2, 2, 1, 1322, 772, '65.1,177.3,0.25', 510, 3),
    (163, 'Husk', '', 'Hollow, haggard, happy to help.', 3, 0, 2, 3, 3, 3, 1, 3, 1, 1203, 1211, '60.05,60.4,0.25', 640, 3),
    (164, 'Mire Shambler', 'Before attacking, Mire Shambler moves to a random adjacent tile.', '"From the depths of the mire, the Masked appeared." \\n- Excerpt, Ilmire Journal II', 3, 1, 1, 3, 2, 3, 1, 2, 1, 770, 831, '63.8,63.1,0.25', 512, 3),
    (165, 'Mangy Rat', '', 'Tiny Merchants\\nTrader of Graves\\nDeath\'s Servants\\nFate\'s Knaves', 3, 0, 1, 1, 2, 3, 1, 1, 1, 775, 842, '67.05,-44.95,0.25', 513, 3),
    (166, 'Ilmire Witch Doctor', 'When a Human creature adjacent to Ilmire Witch Doctor is destroyed, a <Husk> is summoned in its place.', '"I can\'t promise you eternal life, but I can keep you standing."', 3, 2, 5, 4, 2, 3, 6, 3, 1, 777, 778, '86.75,110.25,0.25', 514, 3),
    (168, 'Blightbearer', 'Blightbearer takes 1 [poison damage] before attacking. When Blightbearer is destroyed, all creatures on the same row become [poisoned].', 'In this army, illness is no excuse.', 3, 1, 4, 3, 2, 3, 4, 2, 1, 779, 780, '60.65,69,0.25', 515, 3),
    (169, 'Puppet Soldier', 'When Puppet Soldier is destroyed in combat, all units on the same row are destroyed.', 'The soldier is false. The fear is not.', 4, 1, 3, 0, -1, 3, 3, 1, 1, 781, 782, '32.3,26.3,0.25', 516, 0),
    (170, 'Pillar of Disease', 'Opponent units on the same row have -1 Attack.', 'The Ilmire provides for its own.', 4, 0, 4, 0, -1, 3, 3, 2, 1, 783, 785, '38.8,40.3,0.25', 517, 0),
    (171, 'Animovore', 'Enchant unit you control. When a unit adjacent to enchanted unit is destroyed, enchanted unit is dealt 1 [pure damage] and you draw 1 scroll.', 'I\'ll take a piece of your mind, if you don\'t mind.', 2, 0, 0, 0, 0, 3, 2, 2, 0.5, 784, 0, '', 0, 0),
    (172, 'Harvester', 'Does not count down. When a creature is destroyed, Harvester\'s Countdown is decreased by 1.', 'We\'ve learnt to live, and die, with the Harvesters.', 3, 2, 4, 8, 5, 3, 3, 2, 1, 786, 787, '88.85,96.75,0.25', 518, 3),
    (173, 'Totem of Suffering', 'When a creature you control is destroyed, the opposing idol on that row is dealt 1 damage.', 'Empathy can be a cruel thing.', 4, 2, 4, 0, -1, 3, 4, 3, 1, 1325, 790, '42.05,95.8,0.25', 519, 0),
    (174, 'Soul Scrounger', 'When a creature is destroyed, enchanted unit\'s Countdown is decreased by 1.', 'Those who have fallen act through the living.', 2, 1, 0, 0, 0, 3, 2, 2, 1, 791, 0, '', 0, 0),
    (175, 'Grisly Graft', 'Enchant creature you control. When Grisly Graft comes into play, sacrifice adjacent creatures. Enchanted creature gains Attack and Health equal to the number of creatures sacrificed.', '\\nGreat needlework!', 2, 2, 0, 0, 0, 3, 3, 3, 1, 792, 0, '', 0, 0),
    (176, 'Arthritis', 'Each time enchanted unit deals damage, it is dealt [magic damage] equal to its [base Countdown].', 'You\'re only as old as you feel.', 2, 0, 0, 0, 0, 3, 1, 1, 1, 793, 0, '', 0, 0),
    (177, 'Restless Bones', 'Undead units you control get +2 Attack until end of turn, and their Countdown is decreased by 1.', '"Angering the dead is no trivial task." \\n- Grahm, Animator', 1, 2, 0, 0, 0, 3, 3, 1, 1, 794, 0, '', 0, 1),
    (178, 'Tempo Theft', 'Two target units switch Countdown values.', 'No refund upon completed transaction.', 1, 2, 0, 0, 0, 0, 3, 4, 1, 795, 0, '', 0, 1),
    (179, 'Shroud of Unlife', 'When Shroud of Unlife comes into play, enchanted creature becomes Undead. When enchanted creature is destroyed, a <Husk> is summoned in its place.', '"You\'ll not find warmth in this garb." \\n- Tobai, Bone Merchant', 2, 0, 0, 0, 0, 3, 1, 3, 1, 796, 0, '', 0, 0),
    (180, 'Damning Curse', 'Destroy target creature. Units you control are dealt 1 [magic damage].', 'When someone else is paying, who cares about the price?', 1, 2, 0, 0, 0, 3, 4, 1, 1, 797, 0, '', 0, 4),
    (181, 'Languid', 'Enchanted unit\'s Attack is decreased by 2. When Languid comes into play, draw 1 scroll.', 'Play nice!', 2, 1, 0, 0, 0, 3, 2, 2, 0.5, 798, 0, '', 0, 0),
    (182, 'Energy Siphon', 'When Energy Siphon comes into play, increase [current] Energy by 3. Enchanted creature gets -1 Attack and -1 Health. ', 'Resources are everywhere. It\'s just a matter of extraction.', 2, 1, 0, 0, 0, 3, 2, 1, 1, 825, 0, '', 0, 0),
    (183, 'Brain Lice', 'Enchanted creature becomes [poisoned]. When it is destroyed, draw 1 scroll.', 'Scratch all you want. The itch is in your head.', 2, 1, 0, 0, 0, 3, 3, 3, 0.5, 800, 0, '', 0, 0),
    (184, 'Searing Shackles', 'Enchanted unit deals 1 damage to the idol behind it at the end of each of its turns. When enchanted unit moves, it is dealt 2 [magic damage].', 'Death is the only escape.', 2, 1, 0, 0, 0, 3, 2, 2, 1, 801, 0, '', 0, 0),
    (185, 'Miasma Well', 'When Miasma Well\'s Countdown becomes 0, a random opponent creature becomes poisoned.', 'DO NOT DRINK.', 4, 0, 3, 0, 2, 3, 3, 2, 1, 847, 1219, '51.8,63.55,0.25', 688, 0),
    (186, 'Pillar of Fatigue', 'When a creature moves, its Countdown is increased by 1.', 'What good are tactics when your men can\'t lift their swords?', 4, 2, 3, 0, -1, 3, 3, 3, 1, 806, 808, '44.3,43.6,0.25', 521, 0),
    (187, 'Infectious Blight', 'When Infectious Blight comes into play, enchanted creature becomes [poisoned]. If it is destroyed by poison, a random creature on the same side gets Infectious Blight.', '\\nThe plague does\\nnot discriminate.', 2, 2, 0, 0, 0, 3, 4, 3, 1, 807, 0, '', 0, 0),
    (188, 'Necrogeddon', 'Sacrifice all creatures you control. Creatures sacrificed this way are replaced by <Husks> at Countdown 0.', '"This won\'t do. Lets start over."\\n- Nuru, Flesh-seamstress', 1, 2, 0, 0, 0, 3, 7, 3, 1, 827, 0, '', 0, 1),
    (189, 'Beast Rat', '', '"Oh look how big they are compared to those in the city!"\\n- Ihrbraman, Creature Collector', 3, 0, 2, 1, 2, 2, 1, 1, 1, 810, 843, '67.05,-44.95,0.25', 522, 3),
    (190, 'Soul Steal', 'Destroy target creature with health 2 or less. Summon a <Mire Shambler> on a random tile on your side.', 'Ilmire mercy is worse than death.', 1, 2, 0, 0, 0, 3, 3, 2, 1, 812, 0, '', 0, 4),
    (191, 'Regeniture', 'Enchanted unit gets +2 Health. When Regeniture comes into play, the idol behind it is dealt 1 damage.', 'Sometimes you can squeeze blood from a stone.', 2, 0, 0, 0, 0, 3, 1, 1, 1, 832, 0, '', 0, 0),
    (192, 'Draining Mist', 'All opponent units with Countdown 1 or less have their Countdown increased by 2.', '"Wait, I have an idea!"\\n- Nuru, Flesh-seamstress', 1, 1, 0, 0, 0, 3, 3, 3, 0.5, 814, 0, '', 0, 1),
    (193, 'Roasted Bean Potion', 'Target creature\'s Countdown is decreased by 1. Its [Move] is increased by 1 until end of turn.', 'It\'s an acquired taste. By the barrel from far Dyrra.', 1, 2, 0, 0, 0, 0, 2, 3, 1, 815, 0, '', 0, 4),
    (194, 'Oblivion Seeker', 'When Oblivion Seeker is destroyed, draw 2 scrolls.', 'He leaves nothing but memories. ', 3, 1, 3, 2, 2, 3, 5, 2, 1, 816, 819, '65.3,55.8,0.25', 523, 3),
    (195, 'Ilmire Rot Eater', 'When a creature adjacent to Ilmire Rot Eater is destroyed, Ilmire Rot Eater gets +1 Attack and +1 Health.', 'Corpses are surprisingly nutritious.', 3, 0, 3, 3, 2, 3, 3, 2, 0.5, 838, 822, '119.9,37.3,0.25', 524, 3),
    (196, 'Ilmire Hunter', '', 'Like the mire, Hunters kill without mercy.', 3, 2, 4, 2, 2, 3, 4, 3, 1, 817, 820, '90.55,104.95,0.25', 525, 3),
    (197, 'Scavenger Construct', 'When an adjacent unit is destroyed, Scavenger Construct gets +2 Health.', '"Feed the Construct!"\\n- Nuru, Flesh-seamstress', 4, 0, 3, 0, -1, 3, 1, 2, 0.5, 844, 845, '89.3,41.05,0.25', 526, 0),
    (198, 'Atrophy', 'Target unit\'s Attack is set to 0 until its next attack. It cannot be increased during this time. ', 'It usually takes longer.', 1, 0, 0, 0, 0, 3, 1, 1, 1, 830, 0, '', 0, 4),
    (199, 'Cluster Hex', 'All units on target tile and adjacent tiles get [Curse] 2.', 'Curse upon you, and your children, and their children for seven generations.', 1, 1, 0, 0, 0, 3, 5, 2, 1, 833, 0, '', 0, 11),
    (200, 'Cursemonger', 'When Cursemonger\'s Countdown is 0, you may reset its Countdown to give target unit [Curse] 2.', '"Needles and bones, my darling, that\'s my trade."', 3, 1, 4, 3, 2, 3, 4, 3, 1, 916, 835, '70.6,27.8,0.25', 527, 3),
    (201, 'Pestis', 'Enchanted creature has +1 Attack for each Rat on that side. When enchanted creature destroys another unit, summon a <Mangy Rat> on a random tile the same side.', 'There\'s no virtue among vermin.', 2, 1, 0, 0, 0, 3, 2, 3, 1, 836, 0, '', 0, 0),
    (202, 'Hex Marks', '', 'It\'s not just about looks.', 2, 0, 0, 0, 0, 3, 1, 1, 1, 837, 0, '', 0, 0),
    (203, 'Noaidi', '', 'For the Kinfolk, the moose migration marks the beginning of the new year.', 3, 1, 2, 2, 2, 2, 3, 4, 1, 851, 853, '79.95,86.45,0.25', 528, 3),
    (204, 'Solemn Giant', 'Does not count down. Pay 2 Energy to decrease Countdown by 2.', '"The Giants are no more, so we made new ones."\\n-Amhan, Machine Master\\n', 3, 2, 4, 8, 6, 1, 4, 4, 1, 852, 861, '77.3,69.8,0.25', 529, 3),
    (205, 'Dust Runner', 'When Dust Runner deals damage to a creature with 3 or less Health, that creature is destroyed.', '"Kinfolk make for great\\ntarget practice."\\n- Sarh, Dust Runner', 3, 0, 2, 1, 2, 1, 1, 4, 1, 857, 858, '56.05,81.05,0.25', 530, 3),
    (206, 'Wings Shield', 'Wings Shield has [Armor] equal to the number of units behind it.', '"I shield those I love. From them I draw strength."', 3, 1, 3, 2, 2, 0, 3, 4, 1, 1204, 1212, '77.8,98.75,0.25', 641, 3),
    (207, 'Automata Forge', 'Instead of attacking, Automata Forge summons a <Gun Automaton>\\non an adjacent tile. Pay 3 Energy to decrease Countdown by 1.', 'Kadum... pssht!', 4, 2, 4, 0, 3, 1, 3, 4, 1, 859, 863, '73,66.3,0.25', 532, 0),
    (208, 'Stag Heart', 'Enchanted unit gets +1 Attack and +1 Health for each Stag Heart on the same side.', 'The Kinfolk judge every beast on their own merits.', 2, 0, 0, 0, 0, 2, 2, 4, 1, 860, 0, '', 0, 0),
    (209, 'Faith Duty', 'Enchant unit you control. At the end of each of its turns, enchanted unit is dealt 1 [pure damage], and opponent units on that row get their Countdown increased by 1.', 'Willingly, but not wisely.', 2, 0, 0, 0, 0, 0, 2, 4, 1, 866, 0, '', 0, 0),
    (210, 'Metal Wonder', 'When your opponent plays a spell or enchantment, Metal Wonder deals 2 damage to a random idol they control.', 'Machine victory, no fiddly bits.', 4, 2, 4, 0, -1, 1, 4, 4, 1, 1323, 872, '59.85,60.55,0.25', 533, 0),
    (211, 'Crone', 'Crone does not attack. When Crone is destroyed in combat, the attacking unit is destroyed.', '"Grandma in the front. The hag\'s time is up."\\n- Halm, Berserker', 3, 1, 3, 0, 3, 2, 3, 4, 1, 867, 869, '99.55,21.55,0.25', 534, 0),
    (212, 'Breaker', 'When Breaker deals damage, it gets +1 Attack and +1 Health.', 'Where Breakers go,\\nonly twigs remain.', 3, 2, 3, 3, 2, 2, 3, 4, 1, 875, 884, '58.3,110.7,0.25', 535, 3),
    (213, 'Oak Blood', 'Enchanted creature gets +6 Health.', 'Trading with Vilewood trees is never a bargain.', 2, 2, 0, 0, 0, 2, 4, 4, 1, 876, 0, '', 0, 0),
    (214, 'Fierce Tactics', 'Your melee creatures become [Relentless] until end of turn. Opponent ranged units get [Curse] 1 until end of turn.', '"They have the weapons, but we have the will!"\\n- Halm, Berserker', 1, 2, 0, 0, 0, 2, 3, 4, 1, 877, 0, '', 0, 1),
    (215, 'Rat King', 'Target tile and adjacent tiles. Summon three <Beast Rats> within the spell\'s area.', 'Obey the Jarl, but fear the King.', 1, 2, 0, 0, 0, 2, 4, 4, 1, 878, 0, '', 0, 11),
    (216, 'Appurtenance', 'Enchanted unit gets +1 Health for each Beast you control.', 'They have their leaders, nature has hers.', 2, 2, 0, 0, 0, 2, 2, 4, 1, 879, 0, '', 0, 0),
    (217, 'Berserker', 'When Berserker takes damage, Berserker\'s gets +1 Attack.', '"No. We only fight for Kav."\\n- Halm, Berserker.', 3, 1, 5, 4, 2, 2, 5, 4, 1, 880, 885, '64.7,83.1,0.25', 536, 3),
    (218, 'Sister of the Bear', '', '"Honored Sisters. Your strength will be my hammer against the hated Empire!"\\n- Jarl Urhald', 3, 0, 4, 5, 2, 2, 4, 4, 1, 881, 886, '74.3,125.55,0.25', 537, 3),
    (219, 'Kinfolk Ranger', '', 'Many of the ghost stories told about the deeper woods can probably be attributed to the stealthy rangers.', 3, 0, 3, 2, 2, 2, 2, 4, 1, 882, 887, '55.1,116.55,0.25', 538, 3),
    (221, 'Owl', '', 'Hoot. Hoot?', 3, 0, 2, 1, 1, 2, 2, 4, 1, 889, 890, '27.3,-0.2,0.25', 539, 3),
    (222, 'Sister of the Owl', 'An <Owl> is summoned together with Sister of the Owl. When an Owl deals damage, Sister of the Owl gets +1 Attack.', 'Knowing and nocturnal.', 3, 2, 5, 3, 2, 2, 6, 4, 1, 952, 891, '83.3,83.75,0.25', 540, 3),
    (223, 'Storm Runner', '', 'Storm Runners have perfected the art of... throwing.', 3, 1, 3, 2, 2, 1, 3, 4, 1, 893, 895, '65.6,111.55,0.25', 541, 10),
    (224, 'State Machine', 'When a creature comes into play on opponent\'s side, State Machine deals 1 [magic damage] to that creature. When State Machine\'s Countdown becomes 0, it\'s destroyed.', 'Originally intended to roast beans.', 4, 1, 4, 0, 4, 1, 3, 4, 1, 894, 896, '106.35,87.3,0.25', 542, 0),
    (225, 'Supercharged', 'When Supercharged comes into play, and at the beginning of each of enchanted unit\'s turns, enchanted unit makes a ranged attack dealing 1 [physical damage].', 'It\'s not like they know how it works, exactly... but it\'s certainly useful.', 2, 2, 0, 0, 0, 1, 2, 4, 1, 897, 0, '', 0, 0),
    (226, 'Machine Chant', 'Deal [magic damage] to target unit equal to the number of structures you control. Increase Energy by 1.', '"It\'s an odd song for sure. Just wait for the crescendo!" \\n- Arran, Machine Priest', 1, 2, 0, 0, 0, 1, 5, 4, 1, 898, 0, '', 0, 4),
    (227, 'Scout Automaton', 'Other Automatons you control have +1 Attack.', 'No machine is complete without its smallest gears.', 3, 2, 3, 1, 2, 1, 3, 4, 1, 899, 900, '47.2,-14.05,0.25', 543, 3),
    (228, 'Magnetizer', 'Any unit hit by Magnetizer gets its Countdown increased by 1.', 'Power is relative. A sleeping enemy is a harmless enemy.', 3, 1, 2, 0, 1, 0, 2, 4, 1, 901, 907, '79.05,69,0.25', 544, 3),
    (229, 'Mystic Altar', 'When Countdown is 0, you may reset its Countdown and increase Countdown of target creature you control by 2 to draw 1 scroll.', 'Learning takes time.', 4, 1, 3, 0, 2, 0, 2, 4, 1, 902, 908, '29.65,38.6,0.25', 545, 0),
    (230, 'Redeploy', 'Swap two target rows on your side.', '"Wings to the east, vanguard south. Go!"', 1, 2, 0, 0, 0, 0, 2, 4, 1, 903, 0, '', 0, 12),
    (231, 'Caller\'s Bane', 'When enchanted unit deals damage to an idol during combat, other idols on that side are dealt 1 damage.', 'Each idol is strongly linked to its Caller.', 2, 1, 0, 0, 0, 0, 2, 4, 1, 913, 0, '', 0, 0),
    (232, 'Aging Knight', 'Each time Aging Knight attacks, its [base Countdown] is increased by 1.', 'The last thing a warrior learns is patience.', 3, 1, 2, 2, 1, 0, 1, 4, 1, 904, 909, '89.3,95.55,0.25', 546, 3),
    (233, 'Royal Banner', 'All non-Human units get Countdown increased by 2 after attacking.', 'Where the banner goes, the Empire soon follows.', 4, 2, 3, 0, -1, 0, 2, 4, 1, 905, 910, '51.85,128.8,0.25', 547, 0),
    (234, 'Fleetness', 'Enchanted unit\'s [base Countdown] is decreased by 1.', 'Faster is better than Stronger.', 2, 2, 0, 0, 0, 0, 2, 4, 1, 906, 0, '', 0, 0),
    (235, 'Machinated', 'Enchanted creature gets +5 Attack, and its [base Countdown] is doubled.', 'Man shall become metal.', 2, 2, 0, 0, 0, 1, 2, 4, 1, 911, 0, '', 0, 0),
    (236, 'Corrode', 'Units deal double damage to idols until end of turn. If a unit destroys an idol this turn, draw 1 scroll.', 'Even the Machines know heresy.', 1, 2, 0, 0, 0, 1, 3, 4, 1, 912, 0, '', 0, 1),
    (237, 'Wings Soldier', '', 'The elites of the Empire strike with precision.', 3, 0, 2, 2, 2, 0, 2, 4, 1, 917, 918, '127.1,107.7,0.25', 548, 3),
    (238, 'Vigor Extraction', 'Target unit\'s Countdown is increased by 2. If Countdown is then 4 or more, increase Decay by 1.', 'The life of another, put to better use.', 1, 1, 0, 0, 0, 0, 3, 4, 0, 919, 0, '', 0, 4),
    (239, 'Wicked Being', '', 'There are no innocents in the Mire.', 2, 0, 0, 0, 0, 3, 1, 4, 1, 920, 0, '', 0, 0),
    (240, 'Refined Strategy', 'Move target structure you control to another tile on that side. Its Countdown is decreased by 1.', '"Perhaps we should move the catapults to the ridge?"', 1, 2, 0, 0, 0, 0, 2, 4, 1, 921, 0, '', 0, 1),
    (241, 'Siege Cracker', '', 'What do you mean, "bombs for hands"?', 3, 0, 4, 1, 2, 1, 3, 4, 1, 922, 933, '69.1,88.7,0.25', 549, 3),
    (242, 'Ripper', '', '"I was taught to be ready!"', 3, 0, 2, 2, 2, 3, 1, 4, 1, 1205, 1213, '39.1,51,0.25', 642, 3),
    (243, 'Unforeseen Onslaught', 'Creatures you control with Attack 1 or less get [Slayer] until their next attack.', '\'Tis just a scratch.', 1, 2, 0, 0, 0, 3, 2, 4, 1, 923, 0, '', 0, 1),
    (244, 'Ilmire Tribesman', '', 'Fighting for their kin, alive or dead. ', 3, 0, 4, 2, 3, 3, 2, 4, 1, 924, 935, '42.35,86.3,0.25', 551, 3),
    (245, 'Pest Dissimulator', 'When Pest Dissimulator deals damage to a creature, that creature and adjacent creatures become [poisoned].', 'Don\'t try and find me.', 3, 1, 4, 2, 2, 3, 4, 4, 1, 925, 936, '88,126.25,0.25', 552, 3),
    (246, 'Monstrous Brood', 'Target creature you control and connected creatures are destroyed, and each is replaced by a <Monstrosity>.', 'A second birth. A new life. More teeth.', 1, 0, 0, 0, 0, 3, 5, 4, 1, 926, 0, '', 0, 2),
    (247, 'Monstrosity', 'Monstrosity gets +1 Attack for each adjacent Monstrosity, and -1 Attack for other adjacent creatures.', 'Twisted. Transformed. Terrifying.', 3, 1, 3, 3, 2, 3, 3, 4, 1, 927, 937, '62.5,38.8,0.25', 553, 3),
    (248, 'Fungify', 'Enchanted creature gets +5 Health, and its [base Countdown] is increased by 1.', '"Nightmarish stuff,\\nbut damn, it works." \\n- Isurd, Scryer', 2, 2, 0, 0, 0, 3, 2, 4, 1, 928, 0, '', 0, 0),
    (249, 'Ire And Bile', 'All units get [Curse] 1 and +1 Attack until end of opponent\'s turn.', 'A conflict is easier to start than it is to end.', 1, 2, 0, 0, 0, 3, 2, 4, 1, 929, 0, '', 0, 1),
    (250, 'Sickening Fumes', 'Until end of opponent\'s turn, opponent units have their attack decreased by 3.', 'It\'s not weather. It\'s miasma density.', 1, 2, 0, 0, 0, 3, 2, 4, 1, 930, 0, '', 0, 1),
    (251, 'Uneasy Alliance', 'Enchanted creature gets +2 Attack. When it is destroyed, all other creatures with Uneasy Alliance are destroyed.', 'This won\'t end well.', 2, 0, 0, 0, 0, 3, 2, 4, 1, 931, 0, '', 0, 0),
    (252, 'Bloodline Taint', 'Target unit, and other units on the same side that share a subtype, get [Curse] 1.', 'A cruel legacy.', 1, 2, 0, 0, 0, 3, 2, 4, 1, 932, 0, '', 0, 4),
    (253, 'Watcher', 'When a unit adjacent to Watcher is destroyed by non-combat damage or death effects, Watcher deals 2 damage to a random opponent idol.', 'The Harvester\'s wrath lingers even after death.', 4, 2, 4, 0, -1, 3, 2, 4, 1, 948, 941, '72.3,88.3,0.25', 554, 0),
    (254, 'Wings Captain', 'When Wings Captain\'s Countdown becomes 0, Wings Captain and adjacent Soldiers have their [Move] increased by 1 until end of turn.', '"Flanking maneuver!"\\n- Ays, Wings Captain', 3, 2, 4, 3, 2, 0, 4, 4, 1, 938, 942, '89.4,123.25,0.25', 555, 3),
    (255, 'Eager Scryer', 'If Eager Scryer\'s Countdown is 2 or more at the end of your turn, draw 1 scroll.', '"I deal in confusion. I buy it from you, and sell it to your enemy."\\n- Isurd, Scryer', 3, 0, 3, 1, 1, 3, 3, 4, 1, 939, 943, '79.6,78.1,0.25', 556, 3),
    (256, 'Cannonetta', '', '"T- the bullet went through clean. I\'ll be fine."\\n- Aru, now deceased', 3, 2, 3, 2, 2, 1, 3, 4, 1, 949, 951, '124.6,59.1,0.25', 557, 3),
    (257, 'Untainted', 'Enchanted unit has [Ward].', 'Those who do not want can not be corrupted.', 2, 2, 0, 0, 0, 2, 2, 4, 1, 940, 0, '', 0, 0),
    (258, 'Machine Divinator', 'Machine Divinator does not attack. Structures you control have +1 Health. When Machine Divinator\'s Countdown becomes 0, a [random] structure you control has its Countdown decreased by 1.', '', 3, 2, 4, 0, 1, 1, 3, 4, 1, 944, 945, '45.3,72.3,0.25', 558, 0),
    (259, 'Beetle Stone', 'When another Beetle Stone comes into play, 2 damage is dealt to a random opponent idol. Beetle Stone is then placed at the top of your library.', '\\nThe beetles were extremely popular once. ', 4, 0, 3, 0, -1, 3, 1, 4, 1, 950, 946, '49.8,19.5,0.25', 559, 0),
    (260, 'Eclipse', 'All your [current] resources are converted into Decay.', '"And then, all over the realm, it was dark..."', 1, 1, 0, 0, 0, 3, 1, 5, 0, 954, 0, '', 0, 1),
    (261, 'Ancestral Pact', 'When a unit you control is destroyed during your opponent\'s turn, draw 1 scroll, and Ancestral Pact counts down by 1.', 'We fear no death.', 1, 1, 0, 0, 0, 2, 4, 5, 1, 955, 0, '', 0, 1),
    (262, 'Piercing Projectile', 'Enchanted ranged creature gets [Piercing] and +1 Attack.', '"With these, you\'ll get through the strongest armor."\\n- Arran, Machine Priest', 2, 1, 0, 0, 0, 1, 2, 5, 1, 956, 0, '', 0, 0),
    (263, 'Stifled Advance', 'Enchanted unit\'s [base Countdown] is increased by 2. When Stifled Advance comes into play, enchanted unit\'s Countdown is increased by 2.', '"They can\'t attack us if they\'re busy dodging arrows."', 2, 1, 0, 0, 0, 0, 2, 5, 1, 957, 0, '', 0, 0),
    (264, 'Blightseed', 'Target creature you control has its Countdown increased by 2. If it is still on the board at the beginning of your next turn, draw 2 scrolls and increase [current] Decay by 2.', '\\n"Take two of these and come see me tomorrow."\\n- Yon, Witch Doctor', 1, 2, 0, 0, 0, 3, 3, 5, 1, 1041, 0, '', 0, 4),
    (265, 'Morbid Curiosity', 'When enchanted creature destroys another creature, enchanted unit\'s owner draws 1 scroll. When enchanted unit is destroyed, draw 1 scroll.', '"Show me your organs, and I will tell you who you were."', 2, 1, 0, 0, 0, 3, 3, 5, 1, 958, 0, '', 0, 0),
    (266, 'Stitcher', 'When Stitcher\'s Countdown is 0, you may sacrifice target creature to give another target creature +2 Attack and +2 Health. If you do, Stitcher\'s Countdown is reset.', '', 3, 1, 4, 2, 2, 3, 4, 5, 1, 972, 967, '85.1,80.7,0.25', 560, 3),
    (267, 'Arhart\'s Disciple', 'When Arhart\'s Disciple deals damage to a unit, opponent\'s idol on the same row is dealt 1 damage.', '"Fresh canvas! She\'ll be pleased."', 3, 0, 3, 3, 2, 3, 3, 5, 1, 959, 1050, '53.1,80.3,0.25', 561, 3),
    (268, 'Blade Husk', '', 'Created to kill without remorse.', 3, 0, 2, 5, 3, 3, 2, 5, 1, 1026, 1028, '74.4,58,0.25', 562, 3),
    (269, 'Bog Hound', '', 'Playing fetch is far more interesting when there are multiple limbs to choose from.', 3, 0, 3, 2, 2, 3, 2, 5, 1, 1054, 1057, '95.4,26,0.25', 563, 3),
    (270, 'Festering Freak', '', 'Sometimes, the Masked get it wrong.', 3, 0, 3, 2, 2, 3, 3, 5, 1, 960, 969, '111.8,20.3,0.25', 564, 3),
    (271, 'Corpus Collector', 'When Corpus Collector destroys a creature, summon a <Husk> with 2 Countdown on an adjacent tile.', '"Alas, this one\'s no good. Not enough arms."\\n- Orren, Corpus Collector', 3, 1, 3, 4, 2, 3, 4, 5, 1, 961, 970, '66,111.45,0.25', 565, 3),
    (272, 'Baleful Witch', 'When Baleful Witch comes into play, any [Curses] on creatures in play are [triggered].', 'Her power is drawn from the purest spite.', 3, 2, 2, 2, 2, 3, 3, 5, 1, 962, 971, '81.4,89.2,0.25', 566, 3),
    (273, 'Soldier\'s Bond', 'When enchanted unit takes damage, other units you control on the same row have their Countdown decreased by 1.', 'One for all. All for naught.', 2, 0, 0, 0, 0, 0, 2, 5, 1, 1045, 0, '', 0, 0),
    (274, 'Pilgrim\'s Feet', 'When enchanted creature moves, it is [healed] by 2.', '"I don\'t need shoes. I have faith."', 2, 0, 0, 0, 0, 0, 1, 5, 1, 1046, 0, '', 0, 0),
    (275, 'Reversal', 'Frontmost and rearmost units on one side of target row switch places. Draw 1 scroll.', '"The right tool for the right job. And you tools are in the wrong place!"', 1, 0, 0, 0, 0, 0, 2, 5, 0.5, 963, 0, '', 0, 12),
    (276, 'Cursed Presence', 'Target unit gets [Curse] 3.', '"The nearby plants withered, and the birds fell silent. No one dared approach."', 1, 0, 0, 0, 0, 3, 2, 5, 1, 1042, 0, '', 0, 4),
    (277, 'Fulmination Conduit', 'Fulmination Conduit counts up instead of down at the beginning of its turn. You may sacrifice it to add its Countdown to your [current] Energy.', '', 4, 1, 4, 0, 2, 1, 3, 5, 1, 977, 982, '33.15,-17.4,0.25', 567, 0),
    (278, 'Nuru, Flesh-seamstress', 'Nuru does not attack. When Nuru\'s Countdown becomes 0, summon 2 <Husks> with Countdown 0 at random positions. The Husks are destroyed after attacking.', '', 3, 2, 7, 0, 2, 3, 8, 5, 1, 1047, 1051, '124.75,123.75,0.25', 568, 0),
    (279, 'Malevolent Gaze', 'Target creature\'s [Move] is decreased by 2 until end of its turn. It gets [Curse] 2.', 'Malice, pure and unguarded.', 1, 0, 0, 0, 0, 3, 2, 5, 1, 966, 0, '', 0, 4),
    (280, 'Gallant Defender', 'As long as you have no more units than your opponent, Gallant Defender has [Armor] 2.', '"Hold the walls! Protect your own!"\\n- Cay, Royal Envoy', 3, 0, 4, 1, 2, 0, 4, 5, 0.5, 987, 992, '115.8,47.8,0.25', 569, 3),
    (281, 'Hired Smuggler', '', '"Got your parts, ahyup."', 3, 1, 2, 2, 2, 1, 2, 5, 1, 993, 1012, '59.45,86.85,0.25', 570, 3),
    (282, 'Power Trip', 'Increase [current] Energy by 6. If it is then 11 or more, draw 1 scroll.', '"We need more."\\n"But-"\\n"MORE!"', 1, 2, 0, 0, 0, 1, 3, 5, 1, 1024, 0, '', 0, 1),
    (283, 'Ash Runner', '', 'Looks are important to runners. To some, more than others.', 3, 0, 2, 1, 2, 1, 1, 5, 1, 1060, 1063, '43.5,91.8,0.25', 571, 3),
    (284, 'Echomaton', 'When an opponent plays a spell, Echomaton gets +2 Attack. When Echomaton is destroyed, if Attack is 3 or more, increase Energy by 1.', 'The perfect pet for a priest.', 3, 1, 3, 1, 2, 1, 4, 5, 1, 1064, 1013, '67.1,38.6,0.25', 572, 3),
    (285, 'Boom Reaver', '', '"Why\'s he carrying a ship\'s cannon?"\\n- Ihrbraman, Creature Collector', 3, 0, 3, 3, 2, 1, 3, 5, 1, 1055, 1025, '100.5,64.25,0.25', 573, 3),
    (286, 'Ironclad Reaver', '', '"I\'ve always liked brawling. It\'s my favorite game."\\n- Reaver Khaplan', 3, 2, 5, 4, 2, 1, 5, 5, 1, 1071, 1072, '99.85,88.7,0.25', 574, 3),
    (287, 'Replicaton', 'When Replicaton is destroyed, return to owner\'s hand if your [current] Energy is 2 or more.', 'You only need one. Of course, use more if you\'ve got them.', 3, 0, 2, 3, 2, 1, 3, 5, 1, 996, 1015, '43.6,-12.95,0.25', 575, 3),
    (288, 'Sudden Eruption', '', '"Too frequent by far, and utterly horrifying."\\n- Siani, Dyrran Historian', 1, 2, 0, 0, 0, 1, 4, 5, 0, 1061, 0, '', 0, 1),
    (289, 'Outcast Rebel', '', 'Ill-tempered and bad-mannered. No wonder the braves love him.', 3, 0, 2, 4, 3, 2, 2, 5, 1, 997, 1016, '60.4,104.8,0.25', 576, 3),
    (290, 'Culling the Flock', 'Sacrifice target Beast. Other Beasts you control have their Attack increased by that unit\'s Attack until end of turn, and become fully [healed].', 'The laws of beasts are harsh.', 1, 2, 0, 0, 0, 2, 2, 5, 1, 998, 0, '', 0, 4),
    (291, 'Earthen Testament', 'Enchanted units you control have their Countdown decreased by 2.', 'Few can best the Kinfolk on their own soil.', 1, 1, 0, 0, 0, 2, 2, 5, 1, 1058, 0, '', 0, 1),
    (292, 'Vengeful Vaettr', '', 'Not so cute anymore.', 3, 0, 2, 2, 2, 2, 2, 5, 1, 1000, 1017, '86.3,73.55,0.25', 577, 3),
    (293, 'Bountiful Times', 'Summon a <Bunny> on target tile. Other Bunnies have their Countdown decreased by 2.', '"But... there were only a handful yesterday!"', 1, 1, 0, 0, 0, 2, 2, 5, 1, 1001, 0, '', 0, 1),
    (294, 'Verdant Veil', 'Enchanted creature gets +3 Health. As long as its Health is no less than its [base Health], it has [Ward].', '"I swear! I saw a person in there!"', 2, 2, 0, 0, 0, 2, 4, 5, 1, 1002, 0, '', 0, 0),
    (295, 'Underdog\'s Spite', 'Creatures you control with Attack 2 or less have their Countdown decreased by 1.', 'As they dragged him out of the forest, the dagger was still lodged in his shoulder.', 1, 0, 0, 0, 0, 2, 3, 5, 1, 1048, 0, '', 0, 1),
    (296, 'Wetland Ranger', '', 'With Ilmire warring against the Empire, the rangers were put to use where needed.', 3, 0, 4, 1, 1, 2, 4, 5, 1, 1003, 1018, '55.1,116.55,0.25', 578, 3),
    (297, 'Jarl Urhald', '', 'All Jarls inspire loyalty and courage. Urhald lives it,\\nbreathes it. ', 3, 2, 7, 6, 2, 2, 8, 5, 1, 1004, 1019, '102.3,114.8,0.25', 579, 3),
    (298, 'Wings Warder', 'Wings Warder does not attack. Other units you control on the same row have [Ward].', 'Not all armor is physical.', 3, 2, 4, 0, 1, 0, 2, 5, 1, 1038, 1020, '146.6,108.65,0.25', 580, 0),
    (299, 'Tempest Reaver', 'Tempest Reaver\'s Attack is increased by your [current] Energy resource.', 'Managing power, one shot at a time.', 3, 1, 4, 0, 2, 1, 4, 5, 1, 1006, 1021, '108.8,68.05,0.25', 581, 3),
    (300, 'Hired Marksman', 'When Hired Marksman\'s Countdown is 0, you may reset its Countdown to deal 3 [physical damage] to target creature.', '\\n"I aim for your heart."', 3, 1, 4, 3, 3, 1, 4, 5, 1, 1039, 1040, '46.5,93.55,0.25', 582, 3),
    (301, 'Vicious Strike', '', 'The Reavers know a good fight when they see one.', 1, 0, 0, 0, 0, 1, 1, 5, 0, 1062, 0, '', 0, 4),
    (302, 'Earthborn Mystic', 'Enchanted creatures you control have +1 Attack. When Earthborn Mystic\'s Countdown is 0, you may reset its Countdown to draw an enchantment scroll. If you do, Earthborn Mystic is dealt 1 [pure damage].', '', 3, 1, 3, 2, 2, 2, 3, 5, 1, 1007, 1069, '50.1,64.75,0.25', 583, 3),
    (303, 'Earthbond', 'Enchanted unit gets +2 Health.', 'The Earthborn don\'t budge.', 2, 0, 0, 0, 0, 2, 2, 5, 1, 1008, 0, '', 0, 0),
    (304, 'Seed of Insurgency', 'When enchanted creature is destroyed, it\'s resummoned on the same tile. Its Countdown is set to 1.', 'Some wars, you just don\'t quit.', 2, 2, 0, 0, 0, 2, 4, 5, 1, 1009, 0, '', 0, 0),
    (305, 'Wings Spear', '', 'The Spears are taught the true power of patience.', 3, 0, 2, 2, 2, 0, 2, 5, 1, 1043, 1044, '89.4,123.25,0.25', 584, 3),
    (306, 'Wings Cleaver', '', '"We don\'t start fights. We finish them."\\n- Shim, Wings Cleaver', 3, 2, 5, 4, 3, 0, 6, 5, 1, 1010, 1022, '100.85,87.1,0.25', 585, 3),
    (307, 'Striped Fangbear', 'As long as opponent controls any Humans, Striped Fangbear is [Relentless] and has +3 Attack.', 'The Sisters don\'t really train fangbears. They simply encourage their natural hate of knights and soldiers.', 3, 1, 4, 1, 2, 2, 4, 5, 1, 1206, 1214, '109.1,75.5,0.25', 643, 3),
    (308, 'Righteous Partisan', 'When Righteous Partisan comes into play, if you have no more units than your opponent, draw 1 scroll.', '"My home, my war."', 3, 0, 3, 2, 2, 0, 3, 5, 0.5, 1027, 1029, '59.05,47.55,0.25', 587, 3),
    (309, 'Nuru\'s Needle', 'Enchanted unit\'s Attack, Health and [Move] are decreased by 1. It gets [Curse] 1.', '"Life is my craft. The dead and dying, my canvas."\\n- Nuru', 2, 1, 0, 0, 0, 3, 3, 5, 1, 1053, 0, '', 0, 0),
    (310, 'Unground', 'Any time an idol takes damage, enchanted unit is dealt [magic damage] equal to half that amount (rounded up).', '"Whether we know it or not, we all draw upon the earth."', 2, 1, 0, 0, 0, 2, 2, 5, 1, 1032, 0, '', 0, 0),
    (311, 'Wings Charger', '', 'Subtlety was never her strong suit.', 3, 0, 5, 5, 2, 0, 5, 5, 1, 1065, 1067, '309.6,80.3,0.25', 588, 3),
    (312, 'Infiltrate', 'Target unit\'s Countdown is increased by 2. Draw 1 scroll.', '"Create a diversion. I\'ll snag the map."', 1, 1, 0, 0, 0, 0, 3, 5, 1, 1030, 0, '', 0, 4),
    (313, 'Ruse', 'Units you control have [Spiky] 2.', '"The Kin is a weed in our Imperial garden. It musn\'t grow."\\n- Lord Ungstram, Royal Strategist ', 1, 1, 0, 0, 0, 0, 2, 5, 1, 1031, 0, '', 0, 1),
    (314, 'Cay, Royal Envoy', 'At the end of your turn, if an opponent unit was destroyed in combat, draw 1 scroll.', '\\n"The sharpest mind I know. Wasted on war without surcease."\\n- Aos, Royal Scribe', 3, 2, 7, 6, 2, 0, 8, 5, 1, 1049, 1052, '170.6,142.8,0.25', 589, 3),
    (315, 'Warding Stone', 'When Warding Stone is destroyed in combat, attacking unit is returned to owner\'s hand and you draw 1 scroll.', '"You bring your toys, mystic. I\'ll bring mine."\\n- Lord Ungstram, Royal Strategist', 4, 1, 4, 0, -1, 0, 3, 5, 1, 1033, 1034, '37.4,30.85,0.25', 590, 0),
    (316, 'Prisoners of War', 'Draw 1 Growth, 1 Decay and 1 Energy creature. Increase [current] Wild by 1.', '"We don\'t need reserves.\\nWe have prisoners."\\n- Lord Ungstram, Royal Strategist.\\n', 1, 2, 0, 0, 0, 0, 5, 5, 0.25, 1068, 0, '', 0, 1),
    (317, 'Electrify', 'Each structure you control makes a ranged attack dealing 2 [physical damage].', '"Let\'s see what happens if we connect these two."\\n -Arran, Machine Priest', 1, 0, 0, 0, 0, 1, 3, 5, 1, 1056, 0, '', 0, 1),
    (318, 'Top Reaver Thea', '', '"Never fear, Thea\'s here."', 3, 2, 6, 7, 2, 1, 8, 5, 1, 1035, 1037, '67.15,125.5,0.25', 591, 3),
    (319, 'Reaping Mask', 'Enchanted unit gets +3 Attack and +3 Health. When enchanted unit destroys a creature, draw a creature scroll.', 'Its promise cannot be resisted for long. Nor can its hunger.', 2, 2, 0, 0, 0, 3, 7, 5, 1, 1036, 0, '', 0, 0),
    (320, 'Eternal Sword', 'Enchanted creature gets +2 Attack. When enchanted creature\\nis destroyed, a random adjacent creature gets Eternal Sword.', 'This weapon was passed down through generations. It never leaves the battlefield.', 2, 2, 0, 0, 0, 0, 3, 6, 1, 1076, 0, '', 0, 0),
    (321, 'Skythorn', 'Does not count down. When a creature comes into play on your side, Skythorn\'s Countdown is decreased by 1. When Skythorn\'s Countdown becomes 0, draw 1 scroll.', '\\nIt thrives on life.', 4, 1, 4, 0, 4, 2, 3, 6, 1, 1077, 1079, '57.35,157.8,0.25', 592, 0),
    (322, 'Oculus Cannon', 'Does not count down. When an opponent unit moves to a tile on the same row as Oculus Cannon, Oculus Cannon\'s Countdown is set to 0.', '\\n\\nAmhan\'s foremost invention\\nwas the mechanical eye.', 4, 1, 4, 4, 2, 1, 3, 6, 1, 1082, 1081, '82.3,39.8,0.25', 593, 3),
    (332, 'Void Gate', '[Physical damage] dealt to Void Gate is instead dealt to the idol behind it.', 'The sword slashed right through the churning sphere, seeming almost to fall into the void within.', 4, 1, 3, 0, -1, 3, 3, 6, 1, 1078, 1176, '90.65,39.3,0.25', 594, 0),
    (333, 'Fields of Strife', 'All Knights have their Attack increased by the number of friendly units on the same row.', '"So many crows!"\\n- Ihrbraman, Creature Collector', 1, 0, 0, 0, 0, 0, 2, 6, 1, 1085, 0, '', 0, 1),
    (334, 'Fjords of Vigor', 'Units you control costing 3 or less have +1 Attack.', 'The mystics have long understood the exceptional properties of the stream.', 1, 0, 0, 0, 0, 2, 2, 6, 1, 1090, 0, '', 0, 1),
    (335, 'Budding Retreat', 'When a creature comes into play, increase owner\'s [current] Wild by 1.', 'Only the Earthborn ever set foot in the Vaettr glades of Khaile.', 1, 1, 0, 0, 0, 2, 3, 6, 1, 1091, 0, '', 0, 1),
    (336, 'Clandestine Orchard', 'When a creature comes into play, another [random] creature on the same side has its Countdown decreased by 1.', 'The Jarls alone know which orchards host the council.', 1, 1, 0, 0, 0, 2, 1, 6, 1, 1092, 0, '', 0, 1),
    (337, 'Grounds of the Fallen', 'All Humans have +1 Attack and [Magic resistance] 1.', 'The only flowers here, are either bone white, or blood red.', 1, 0, 0, 0, 0, 0, 3, 6, 1, 1093, 0, '', 0, 1),
    (338, 'Caravans of the Expanse', 'Other [Dominion] traits are active.', 'The Imperial Logisticians are the true warriors of the Empire.', 1, 1, 0, 0, 0, 0, 2, 6, 1, 1094, 0, '', 0, 1),
    (339, 'Gravelock Burrows', 'When a Gravelock you control is dealt damage, your other Gravelocks get +1 Attack until end of your turn.', 'Like poking a stick in a bee\'s nest.', 1, 2, 0, 0, 0, 1, 2, 6, 1, 1153, 0, '', 0, 1),
    (340, 'Fodder Pit', 'All units with [Pillage] have +2 Attack.', 'A flock that eats together, stays together.', 1, 0, 0, 0, 0, 1, 2, 6, 1, 1086, 0, '', 0, 1),
    (341, 'Skull Shrine', 'At the beginning of your turns, increase [current] Energy by 2.', '"Not need proof. Proof here! Skull shrine for gods!"\\n- Uhu Longnose', 1, 0, 0, 0, 0, 1, 3, 6, 1, 1224, 0, '', 0, 1),
    (342, 'Sanctuary of the Lost', 'Undead creatures have [Ward] and [Magic resistance] 1.', '"Here, my command is law!"\\n-Irva, Voice of the Dead', 1, 0, 0, 0, 0, 3, 2, 6, 1, 1154, 0, '', 0, 1),
    (343, 'Halls of Oum Lasa', 'At the beginning of your turn, [sift] 3 random scrolls from your discard pile, and draw 1 of them.', 'No rule in the Sanctuary, but Oum Lasa rule.', 1, 2, 0, 0, 0, 3, 6, 6, 1, 1150, 0, '', 0, 1),
    (344, 'Forbidden Ruins', 'All non-combat damage against idols is increased by 1.', 'Callers tread lightly where magic falters.', 1, 1, 0, 0, 0, 3, 3, 6, 1, 1155, 0, '', 0, 1),
    (345, 'Invocation Sentry', 'When a [Lingering] spell is played, a random opponent idol is dealt 2 damage.', 'Mask bearers die, but their power lingers.', 4, 1, 4, 0, -1, 3, 3, 6, 1, 1088, 1089, '47.15,77.7,0.25', 595, 0),
    (346, 'Banner of Ordinance', 'When Countdown is 0, you may sacrifice Banner of Ordinance to destroy all [Lingering] spells and [heal] adjacent units by 1.', 'Unlawful spellcasting will be punished!', 4, 1, 3, 0, 1, 0, 1, 6, 1, 1095, 1127, '44.55,206.05,0.25', 596, 0),
    (347, 'Stone Enigma', 'All [Lingering] spells are destroyed. Increase Energy by 1.', 'This little thing brought down the Mystics of Marnak.', 1, 1, 0, 0, 0, 1, 4, 6, 0, 1096, 0, '', 0, 1),
    (348, 'Rekindled Spirit', 'Sacrifice target creature you control. Destroy all [Lingering] spells. Draw 2 creature scrolls.', '"Warriors, not tricks!"\\n-Jarl Urhald', 1, 1, 0, 0, 0, 2, 4, 6, 1, 1156, 0, '', 0, 4),
    (349, 'Revenant', 'Revenant is destroyed after attacking.', 'Revenants rose in the hundreds; free from conscience, though not from purpose.', 3, 0, 1, 2, 1, 3, 1, 6, 1, 1142, 1118, '106.3,111.3,0.25', 690, 3),
    (350, 'Slayer Vestige', '', 'Vigilant, Deadly. Eternal.', 3, 0, 3, 2, 3, 3, 2, 6, 1, 1097, 1119, '48.65,128.55,0.25', 598, 3),
    (351, 'Mudo Fighter', '', 'To be a fighter among the Mudo, one must defeat both foe and famine.', 3, 0, 2, 4, 2, 3, 3, 6, 1, 1098, 1120, '85.05,85.8,0.25', 599, 3),
    (352, 'Flesh Animator', 'When Flesh Animator\'s Countdown becomes 0, Undead creatures you control have their Countdown decreased by 1.', 'The Mudo seek out animators even before they die, to make sure they\'re well cared for.', 3, 1, 4, 3, 2, 3, 4, 6, 1, 1099, 1121, '179.1,122.15,0.25', 600, 3),
    (353, 'Anima Conduit', 'Whenever a non-<Revenant> creature you control is destroyed, a Revenant is summoned adjacent to Anima Conduit, and Anima Conduit is dealt 1 [pure damage].', 'Only in Oum Lasa will you see spirits aid their own unliving corpses in battle.', 4, 2, 4, 0, -1, 3, 4, 6, 1, 1100, 1122, '43.8,77.5,0.25', 601, 0),
    (354, 'Reloras, Lord Knight', '', '"There\'s no one I admire more.\\nNo one I\'d rather see dead."\\n- Jarl Urhald', 3, 2, 4, 2, 2, 0, 4, 6, 1, 1101, 1175, '97.25,141.3,0.25', 602, 3),
    (355, 'Knight Sergeant', 'When Knight Sergeant\'s Countdown becomes 0, adjacent Knights have their Countdown decreased by 1.', 'A single Knight is formidable. An army of Knights is unstoppable.', 3, 1, 5, 3, 2, 0, 5, 6, 1, 1102, 1140, '140.3,90.55,0.25', 603, 3),
    (356, 'Stormknight', 'Stormknight has [Move] 2.', 'In the Stormknight strategy creed, there\'s only one sentence; Break their center!', 3, 0, 5, 4, 2, 0, 5, 6, 1, 1103, 1160, '80.6,88.8,0.25', 604, 3),
    (357, 'Arbalestier', '', 'These bolts will fly straight even after going through a few enemies.', 3, 2, 5, 5, 5, 0, 6, 6, 1, 1207, 1215, '152.9,73.8,0.25', 644, 3),
    (358, 'Squire', 'Other creatures you control on the same row count as Knights.', 'Yes, sire. Immediately, sire.', 3, 0, 3, 2, 2, 0, 2, 6, 1, 1157, 1161, '63.8,54.45,0.25', 606, 3),
    (359, 'Royal Inspiration', 'Draw 1 Knight scroll.', 'The knights of Aescalon all favor the same lady.', 1, 0, 0, 0, 0, 0, 2, 6, 1, 1143, 0, '', 0, 1),
    (360, 'Wings Sorceress', 'When Wings Sorceress\'s Countdown is 0, you may reset its Countdown to remove all enchantments and effects from target unit.', '', 3, 1, 3, 3, 2, 0, 3, 6, 1, 1144, 1131, '60.2,70.8,0.25', 607, 3),
    (361, 'Effigy of the Queen', 'Units adjacent to Effigy of the Queen have [Magic resistance] 2.', 'The Queen protects!', 4, 0, 4, 0, -1, 0, 2, 6, 1, 1126, 1132, '55.6,97.05,0.25', 608, 0),
    (362, 'Rattle Hymn', 'Destroy a random [Lingering] spell your opponent controls. Draw 1 Lingering spell.', 'Echoing the melody of fate.', 1, 0, 0, 0, 0, 3, 3, 6, 1, 1105, 0, '', 0, 1),
    (363, 'Uhu Longnose', 'When Uhu\'s Countdown is 0, you may reset its Countdown to increase [current] Energy by the number of Gravelocks you control.', '', 3, 2, 4, 2, 2, 1, 4, 6, 1, 1158, 1162, '61.4,62.2,0.25', 609, 3),
    (364, 'Gravelock Freak', 'When another Gravelock you control takes damage, Gravelock Freak\'s Countdown is decreased by 1.', 'Stone teeth, metal maw.\r\nRend limb, bone gnaw.', 3, 1, 6, 3, 2, 1, 6, 6, 1, 1166, 1169, '51.2,51.15,0.25', 610, 3),
    (365, 'Gravelock Guard', '', 'They are the origin of the saying "I smell trouble."', 3, 0, 3, 2, 2, 1, 2, 6, 1, 1145, 1148, '45.8,29.25,0.25', 611, 3),
    (366, 'Lockling Brood', 'When Lockling Brood is targeted by a spell or enchantment, Lockling Brood is destroyed.', 'Nasty, numerous and not at all cuddly.', 3, 0, 4, 4, 1, 1, 4, 6, 1, 1106, 1123, '73.5,-5.3,0.25', 612, 3),
    (367, 'Snargl', '', '"Snargl Dodge" is the closest thing to sports among gravelocks.', 3, 0, 5, 5, 2, 1, 4, 6, 1, 1107, 1124, '140.3,54.5,0.25', 613, 3),
    (368, 'Grave Gruel', '', 'Foul and fetid with a hint of nausea.', 1, 1, 0, 0, 0, 1, 2, 6, 0, 1146, 0, '', 0, 1),
    (369, 'Snargl Brain', 'Enchanted unit gets +1 Attack. If Energy is 4 or more, enchanted unit gets +3 Health. ', '"Not sure what this organ does, but it\'s located between its eyes."\\n- Ihrbraman, Creature Collector', 2, 1, 0, 0, 0, 1, 1, 6, 1, 1147, 0, '', 0, 0),
    (370, 'Vilda the Verdant', 'Vilda has +1 Attack for each enchantment on your side.', 'You wouldn\'t call a great oak weak just because it is slow to attack.', 3, 2, 3, 2, 2, 2, 3, 6, 1, 1108, 1163, '66.8,102.35,0.25', 614, 3),
    (371, 'Nog', '', '"Classification very hard. I\'m pretty sure it\'s not a plant."\\n- Ihrbraman, Creature Collector', 3, 0, 3, 2, 2, 2, 2, 6, 1, 1109, 1134, '36.85,-22.8,0.25', 615, 3),
    (372, 'Earthborn Keeper', 'When a unit comes into play on your side, Earthborn Keeper gets +1 Attack until end of turn.', 'Two is company, three is a horde.', 3, 0, 3, 0, 1, 2, 3, 6, 1, 1110, 1135, '94.1,62.55,0.25', 616, 3),
    (373, 'Gusty Izulr', '', '"Relationship to Nogs unknown. Both have feathers."\\n- Ihrbraman, Creature Collector', 3, 0, 6, 5, 2, 2, 6, 6, 1, 1111, 1136, '60.3,67.55,0.25', 617, 3),
    (374, 'Terrene Brute', 'When a creature comes into play on your side, Terrene Brute\'s Countdown is decreased by 1.', '"Tread lightly in these woods. These beasts are fidgety."\\n- Halm, Berserker', 3, 1, 4, 4, 5, 2, 3, 6, 1, 1167, 1137, '105.1,70.3,0.25', 618, 3),
    (375, 'Budding Vaettr', 'When a Beast comes into play on your side, increase [current] Growth by 1.', 'A Caller\'s best friend.', 3, 2, 3, 1, 2, 2, 3, 6, 1, 1112, 1138, '62.8,30,0.25', 619, 3),
    (376, 'Earthen Mirth', 'Enchanted unit gets +4 Attack.', 'Weapons mean nothing. Motivation is everything.', 2, 0, 0, 0, 0, 2, 4, 6, 0.5, 1113, 0, '', 0, 0),
    (377, 'Somata Shift', 'Summon a random creature scroll from your library on target tile. Its Health is set to 2.', 'You sure? Extracting souls this way hurts and is closely related to Ilmire arts.', 1, 2, 0, 0, 0, 2, 3, 6, 1, 1114, 0, '', 0, 1),
    (378, 'Nog Nest', 'When Nog Nest\'s Countdown becomes 0, Nog Nest is destroyed and 2 <Nogs> are summoned on adjacent tiles.', 'Boiling a Nog egg is punishable by death.', 4, 1, 4, 0, 3, 2, 2, 6, 1, 1115, 1139, '86.85,17.55,0.25', 620, 0),
    (379, 'Snargl Hunter', 'When Snargl Hunter destroys a non-Human creature, increase [current] Energy by 4 at the start of your next turn.', 'Hunting in the Carai Range is not for the faint of heart.', 3, 0, 3, 3, 2, 1, 3, 6, 1, 1159, 1164, '128.8,114.05,0.25', 621, 3),
    (380, 'Slithering Form', 'Enchanted melee unit passes through enemy structures and is immune to damage dealt by structures.', 'A body like mist, the heart of a viper.', 2, 1, 0, 0, 0, 3, 1, 6, 1, 1116, 0, '', 0, 0),
    (381, 'Oum Lasa High Guard', 'Any unit facing Oum Lasa High Guard with no units in between gets -3 Attack and has [Move] 0.', 'The High Guard defends the most sacred of all: the remains of the ancestors.', 3, 2, 5, 5, 2, 3, 6, 6, 1, 1151, 1152, '79.9,202.05,0.25', 622, 3),
    (382, 'Irva, Voice of the Dead', 'When an Undead you control deals damage, Irva makes a ranged attack dealing 2 [physical damage].', 'Haunted by a thousand forgotten voices, she speaks.', 3, 2, 4, 2, 2, 3, 5, 6, 1, 1117, 1125, '100.5,121.4,0.25', 623, 3),
    (383, 'Snargl Omelette', 'Pay 2 Energy: [Sift] 2 Gravelocks from your library, and draw 1 of them. Use this ability only if you have 0 scrolls in hand.', 'The safest way to eat snargl. ', 4, 2, 3, 0, -1, 1, 3, 6, 1, 1168, 1170, '75.3,15.5,0.25', 624, 0),
    (384, 'Advantageous Outlook', '[Sift] 3 scrolls from your library, and draw 1 of them. If it is a spell, Knights you control get +2 Attack until end of turn.', 'Nice view!', 1, 1, 0, 0, 0, 0, 3, 6, 1, 730, 0, '', 0, 1),
    (385, 'Feedback Jolt', 'Each opponent unit is dealt 2 [magic damage] per attached enchantment.', '"Magic makes an excellent conduit."\\n- Amhan, Machine Master', 1, 0, 0, 0, 0, 1, 3, 6, 1, 1171, 0, '', 0, 1),
    (540, 'Omen of Damnation', 'When an opponent creature comes into play, a random idol on that side is dealt 1 damage.', '"I don\'t like these marches. I hear Nuru\'s whispers in the rustling leaves."\\n- Jamra, Expedition Leader', 1, 0, 0, 0, 0, 3, 3, 6, 1, 1173, 0, '', 0, 1),
    (541, 'Aescalon Spires', 'When a unit is destroyed, it is resummoned on the same tile, and Aescalon Spires counts down by 1.', 'It is said that the Empire\'s reach is but a shadow of the Spires.', 1, 2, 0, 0, 0, 0, 3, 6, 1, 1165, 0, '', 0, 1),
    (542, 'Totem Mask', 'When a structure comes into play, enchanted unit gets +2 Attack and +1 Health.', '"Keep your ring. In comparison, \'tis only a trinket."\\n- Jarl Urhald', 2, 2, 0, 0, 0, 2, 3, 6, 1, 1172, 0, '', 0, 0),
    (774, 'Ashen Vapors', ' [Poison damage] is increased by 1.', 'Breathing is for the weak.', 1, 0, 0, 0, 0, 3, 2, 7, 1, 1220, 0, '', 0, 1),
    (775, 'Infested Husk', 'When Infested Husk is destroyed, a random opponent creature becomes [poisoned].', '"My last expedition to the mire was perilous at best. This is something else entirely."\\n- Jamra, Expedition Leader', 3, 0, 3, 2, 3, 3, 2, 7, 1, 1233, 1226, '43.25,113.75,0.25', 648, 3),
    (776, 'Canister Automaton', 'When Canister Automaton is destroyed in [melee combat], its attacker is dealt 3 [physical damage].', '"It explodes."\\n- Grahm, Animator', 3, 1, 3, 2, 2, 1, 2, 7, 1, 1234, 1227, '58,31.5,0.25', 649, 3),
    (777, 'Melt-Iron Shell', '', 'Dyrran blacksmiths think outside the box. Way outside the box.', 2, 0, 0, 0, 0, 1, 3, 7, 0, 1221, 0, '', 0, 0),
    (778, 'Earthen Splendour', 'Enchanted units you control get +1 Attack and +2 Health.', 'A blessing, woven into the humming earth and the keening winds.', 1, 0, 0, 0, 0, 2, 2, 7, 1, 1225, 0, '', 0, 1),
    (779, 'Steelwood Vindicator', '', '"Steelwood weaponry is matched only by the shardswords of faraway Ilmire."\\n- Siani\'s Historia, Vol. III', 3, 0, 2, 4, 2, 2, 3, 7, 1, 1235, 1228, '103.3,62.75,0.25', 650, 3),
    (780, 'Mystic\'s Storm', 'Your [Lingering] spells count up by 2, and your opponent\'s Lingering spells count down by 3.', 'Time moves forward. Mostly.', 1, 0, 0, 0, 0, 0, 2, 7, 1, 1222, 0, '', 0, 1),
    (781, 'Proud Mercenary', 'Adjacent creatures have +1 Attack.', 'The start of the expeditions marked the birth of new trades. Mercenaries, guards and porters all found work aplenty.', 3, 0, 3, 2, 2, 0, 3, 7, 1, 1236, 1229, '49.25,93,0.25', 651, 3),
    (782, 'Shambler Sickness', 'Before attacking, enchanted unit is moved to a random adjacent tile.', 'The mire can do strange things to the mind.', 2, 1, 0, 0, 0, 3, 1, 7, 1, 1216, 0, '', 0, 0),
    (783, 'Lightning Chest', 'Unused Energy is added to your [current] Energy at the start of your next turn.', 'Danger, do not touch!', 1, 2, 0, 0, 0, 1, 3, 7, 0, 1217, 0, '', 0, 1),
    (784, 'Eager to Battle', 'Creatures with [base Attack] 2 or less come into play with [Haste].', 'Early bird gets the worm. Hasty hunter gets the bird.\\n- Kinfolk saying', 1, 2, 0, 0, 0, 2, 3, 7, 1, 1218, 0, '', 0, 1),
    (785, 'Coronation', 'Enchanted creature you control has its [base Countdown] set to 1, and gets +6 Attack and +6 Health. When enchanted creature is destroyed, all idols you control are destroyed.', '\\nNow crowned Queen-Empress,\\nCaera had Cay deliver unity to\\nthe Empire.', 2, 2, 0, 0, 0, 0, 8, 7, 1, 1223, 0, '', 0, 0),
    (786, 'Battle Dance', 'Target creature and connected creatures have their Countdown reduced by 1.', '"Qorran waltzes are played in thunderclap."\\n- Reaver proverb', 1, 1, 0, 0, 0, 1, 4, 7, 0.5, 1230, 0, '', 0, 2),
    (787, 'Steelwood Champion', '', '', 3, 1, 3, 4, 2, 2, 4, 7, 1, 1237, 1232, '43.75,118.05,0.25', 652, 3),
    (788, 'Earthboon', 'Enchanted unit gets +2 Attack for each [Lingering] spell in play. Whenever a Lingering spell is played, enchanted unit\'s Countdown is decreased by 1.', 'Revel in the magic while it lasts.', 2, 2, 0, 0, 0, 2, 2, 7, 1, 1231, 0, '', 0, 0),
    (789, 'Sleep Moratorium', '[Sift] 3 random scrolls from your discard pile, and draw 1 of them. Gain current Decay equal to its casting cost.', 'In the mire, "Get up and pull yourself together" has a very different meaning.', 1, 2, 0, 0, 0, 3, 5, 7, 1, 1238, 0, '', 0, 1),
    (790, 'Scout', 'When Scout comes into play, [sift] 3 scrolls from your library. Choose one of them to put on top of your library.', '"You know me, general. I\'m just full of ruined surprises."', 3, 1, 2, 2, 2, 0, 2, 7, 1, 1239, 1245, '', 653, 3),
    (791, 'Varas, Essence Eater', 'Varas has +2 Attack for each destroyed idol on the board.', '"Somehow, I drew Varas out of hiding. I wish I hadn\'t."\\n- Atmahs, Imperial Quartermaster', 3, 2, 6, 3, 2, 3, 6, 7, 1, 1262, 1296, '88.05,118.6,0.25', 663, 3),
    (792, 'Miremare', '', '"Intriguing. I want one!"\\n- Ihrbraman, Creature Collector', 3, 1, 2, 2, 2, 3, 2, 7, 1, 1309, 1315, '91.35,18.8,0.25', 679, 3),
    (793, 'Pack Husk', 'When Pack Husk is destroyed, draw 1 scroll.', 'Death weighs heavy on us all.', 3, 0, 4, 2, 3, 3, 3, 7, 1, 1263, 1246, '76.7,85.3,0.25', 654, 3),
    (794, 'Corpse Strider', 'When an Undead you control is destroyed, Corpse Strider\'s Attack and Health are increased by 1.', '"About one in every thousand husks is actually still breathing. Those are the\\nones to look out for."\\n- Jamra, Expedition Leader', 3, 1, 1, 2, 2, 3, 2, 7, 1, 1288, 1312, '62.05,50.05,0.25', 676, 3),
    (795, 'Doomteller', 'When Doomteller\'s Countdown becomes 0, opponent idols take 2 damage.', '"No rush. Their demise is inevitable."', 4, 2, 4, 0, 4, 3, 4, 7, 1, 1250, 1297, '53.15,75.7,0.25', 664, 0),
    (796, 'Gloomstone Treaty', 'When a non-Decay creature you control is destroyed during your opponent\'s turn, summon a Revenant in its place.', 'One does not lightly sign a treaty with the artifacts of Ilmire.', 1, 1, 0, 0, 0, 3, 2, 7, 0.25, 1259, 0, '', 0, 1),
    (797, 'Deathly Grasp', 'Target creature gets [Slayer] until end of turn.', 'A blow that leaves no bruises.', 1, 0, 0, 0, 0, 3, 2, 7, 1, 1251, 0, '', 0, 4),
    (798, 'Essence Garb', 'Enchanted creature gets +1 Attack and +1 Health.', 'Fashion that grows on you.', 2, 0, 0, 0, 0, 3, 2, 7, 1, 1252, 0, '', 0, 0),
    (799, 'Corpse Theft', 'When enchanted creature is destroyed, an Undead copy of that creature is summoned on a random tile on your side.', '"That one\'s mine."\\n- Nuru, Flesh-seamstress', 2, 2, 0, 0, 0, 3, 4, 7, 1, 1240, 0, '', 0, 0),
    (800, 'Swirling Smoke', 'Target creature and connected creatures have their Countdown increased by 1. Any attached enchantments are destroyed.', '"Deep within the mire, the very air churned with a malice I cannot explain."\\n- Frysk, Imperial Scout', 1, 1, 0, 0, 0, 3, 2, 7, 1, 1264, 0, '', 0, 2),
    (801, 'Expedition Guard', 'Expedition Guard has +1 Attack for each non-Human creature your opponent controls.', '"Don\'t worry. I\'ll keep any assailants at bay."\\n- Garthe, Expedition Guard', 3, 0, 4, 2, 2, 0, 3, 7, 1, 1273, 1275, '114.5,96.3,0.25', 659, 3),
    (803, 'Stirring Effigy', '', 'The Empire\'s greatest never truly die.', 4, 0, 4, 0, -1, 0, 2, 7, 1, 1305, 1298, '57.05,19,0.25', 665, 0),
    (804, 'Just Conviction', 'When a Soldier you control is destroyed, its Attack is added to a random adjacent creature until its next attack.', '\\n"My soldiers know what\'s mine. That\'s what I like about them."\\n- Queen-Empress Caera', 1, 0, 0, 0, 0, 0, 2, 7, 1, 1279, 0, '', 0, 1),
    (805, 'Resonant Sword', '', 'Think of it as a tuning fork, only sharper.', 2, 0, 0, 0, 0, 0, 1, 7, 1, 1254, 0, '', 0, 0),
    (806, 'Favored', 'Enchanted unit gets +2 Health.', 'After years on the Arren Cape, Cay came to Southport. She stayed but a day, then left with a\\nloyal army.', 2, 2, 0, 0, 0, 0, 3, 7, 1, 1241, 0, '', 0, 0),
    (807, 'Pickaxe Volunteer', '', 'Many hands make light work.', 3, 0, 3, 3, 3, 1, 2, 7, 1, 1242, 1247, '77.25,55.5,0.25', 655, 3),
    (808, 'Magma Thrower', 'Magma Thrower\'s Attack is increased by your [current] Energy resource.', 'If a problem can\'t be solved with a gallon of molten rock, it\'s not worth solving.', 3, 0, 3, 2, 2, 1, 3, 7, 1, 1280, 1285, '66.95,69.55,0.25', 694, 3),
    (809, 'Blast Automaton', 'When Blast Automaton damages an opponent unit in combat, adjacent units are dealt 1 [physical damage].', '\\nNobody knows for sure, but\\nsome say each houses a tiny Piddlejack. It\'s probably nonsense.', 3, 1, 4, 2, 2, 1, 5, 7, 1, 1289, 1321, '99.8,23.3,0.25', 685, 3),
    (810, 'Ka Zum Driller', '', '"It\'s made to take on\\nmountains. Magical rocks\\nare nothing, really."\\n- Krys, from Ka Zum', 3, 2, 3, 3, 2, 1, 5, 7, 1, 1243, 1248, '132.55,39.55,0.25', 656, 3),
    (811, 'Assault Battery', '', '"Hit them hard. Harder! More! Boom!"\\n- Enryk, Machine Maker', 4, 1, 3, 4, 2, 1, 4, 7, 1, 1310, 1299, '105.6,65.3,0.25', 675, 3),
    (812, 'Excogitator', 'Instead of attacking, Excogitator summons a <Scout Automaton> on an adjacent tile. Pay 3 Energy to decrease Countdown by 1.', '', 4, 2, 5, 0, 3, 1, 6, 7, 1, 1281, 1316, '107.6,45.3,0.25', 680, 0),
    (813, 'Controlled Lightning', 'Target unit you control makes a ranged attack, dealing [physical damage] equal to its Countdown.', 'When they least expect it... that\'s when lightning strikes.', 1, 0, 0, 0, 0, 1, 2, 7, 1, 1290, 0, '', 0, 4),
    (814, 'Wind-up Automaton', 'Wind-up counts up instead of down at the beginning of its turn. Pay 3 Energy to increase Attack by Countdown until end of turn. Countdown is set to 0.', '', 3, 2, 2, 0, 1, 1, 2, 7, 1, 1318, 1320, '71.5,-5.5,0.25', 687, 3),
    (815, 'Steelwood Dedication', 'If a creature you control is dealt damage during combat, it is then healed by 3.', 'Show no fear. The earth will tend to your wounds.', 1, 1, 0, 0, 0, 2, 2, 7, 1, 1256, 0, '', 0, 1),
    (816, 'Raid', 'Any [Pillage] traits on units you control are activated.', '"Find the stores! Hungry soldiers won\'t last long in Khaile."', 1, 1, 0, 0, 0, 2, 2, 7, 1, 1257, 0, '', 0, 1),
    (817, 'Verdant Remnant', 'When Verdant Remnant\'s Countdown becomes 0, draw 1 creature scroll.', 'On the northernmost tip of Reason\'s End, remnants of a distant past litter the wind-beaten landscape.', 4, 1, 5, 0, 3, 2, 5, 7, 1, 1244, 1249, '132.35,152.35,0.25', 657, 0),
    (818, 'Consolidator Niara', 'When you play a creature scroll with a subtype not on your side, creatures you control get +1 Attack until end of turn.', '\\nThe Consolidator alone can\\nsummon the Jarls to council.', 3, 2, 5, 4, 2, 2, 6, 7, 0.25, 1306, 1319, '77.5,136.75,0.25', 683, 3),
    (819, 'Spotted Lynx', 'When an opponent creature comes into play, Spotted Lynx\'s Countdown is decreased by 1.', '"The lynx is a remarkable creature. Its pounce is unmatched by anything roaming these woods."\\n- Maans, Forest Keeper', 3, 0, 2, 3, 3, 2, 2, 7, 1, 1292, 1313, '64.55,36.9,0.25', 677, 3),
    (820, 'Overgrown Menhir', 'When a creature comes into play next to Overgrown Menhir, that creature\'s Countdown is decreased by 1.', 'These stones are more than just symbols. They\'re the voice of Khaile.', 4, 2, 2, 0, -1, 2, 3, 7, 1, 1270, 1301, '64.6,103.6,0.25', 668, 0),
    (821, 'Extractor Device', '', '"This is absolutely awesome! It\'s... great!"\\n- Owin, Machine Operator', 2, 0, 0, 0, 0, 1, 3, 7, 0, 1258, 0, '', 0, 0),
    (822, 'Stone Recluse', '', '"Each day\'s a trial. I tackle them in solitude."\\n- Jehb, Khaile recluse', 3, 0, 3, 3, 2, 2, 3, 7, 1, 1271, 1276, '48.5,14.8,0.25', 660, 3),
    (823, 'Potency Burst', '', '"I don\'t do subtle."\\n- Enryk, Machine Maker', 1, 0, 0, 0, 0, 1, 1, 7, 0, 1282, 0, '', 0, 4),
    (824, 'Keen Warden', '', '"We\'re one with this forest - the birds, the bunnies and the snakes."\\n- Poy Pohi, Grove Warden', 3, 0, 2, 1, 2, 2, 1, 7, 1, 1293, 1302, '82.3,92.3,0.25', 669, 3),
    (825, 'Orz Disruptor', 'When a Human you control deals damage to a unit, opponent\'s idol on that row is dealt 2 damage.', 'The university\'s all about magic. The disruptors work as a safeguard, should things\\ngo wrong.', 3, 2, 5, 5, 2, 0, 7, 7, 1, 1311, 1314, '113.45,112.15,0.25', 678, 3),
    (826, 'Imperial Scepter', '', 'On the verge of collapse, the city of Ochre brought to the battlefield the Imperial Scepter. In its shadow, the battle turned.', 4, 2, 3, 0, -1, 0, 5, 7, 1, 1307, 1303, '105.2,136.1,0.25', 670, 0),
    (827, 'Expurgator', 'When Expurgator comes into play, any enchantments on its row are destroyed.', 'There was a crackle in the air as the torch purged the air of miasmic dust. There could be no neglect, lest the entire convoy were to fungify.', 3, 0, 2, 3, 2, 3, 3, 7, 1, 1261, 1324, '120.25,57.5,0.25', 691, 3),
    (828, 'Pack Fowl', '', '"The burden of Arom makes life easier for the rest of us. It\'s truly a blessing."\\n- Niem, about his pack fowl', 3, 1, 3, 3, 2, 0, 3, 7, 1, 1294, 1317, '94.5,82.25,0.25', 681, 3),
    (829, 'Aes Moran Scholar', 'When Aes Moran Scholar comes into play, [sift] 3 scrolls from your library, and draw 1 of them.', '"I think about these things, you know? Scrolls and such."\\n- Jahk Ob, Aes Moran Scholar', 3, 1, 3, 2, 2, 0, 4, 7, 1, 1265, 1267, '75.4,84.05,0.25', 658, 3),
    (830, 'Oppressor\'s Rule', 'Units on one side of a row have their Move decreased by 1 until end of their turn. Any attached enchantments are destroyed.', 'Imperial law follows the Empire\'s expansion. Sometimes, it even precedes it.', 1, 1, 0, 0, 0, 0, 2, 7, 1, 1266, 0, '', 0, 12),
    (831, 'Keeper\'s Pledge', 'When a creature comes into play, other creatures on that side get +1 Attack until end of turn.', '...Jarl, it is not my duty to\\nfight for you, just to honor\\nthe Pledge....\\n- Aer Lindr, Earthborn Keeper', 1, 0, 0, 0, 0, 2, 2, 7, 1, 1295, 0, '', 0, 1),
    (854, 'Border Treaty', 'Non-Order Human creatures you control have +2 Attack.', 'Although mostly short-lived, a succession of treaties followed the end of the rebellion. It\'s as yet unclear who stands to gain the most from them.', 1, 1, 0, 0, 0, 0, 2, 7, 0.25, 1287, 0, '', 0, 1),
    (855, 'Hunter\'s Treaty', 'If you control creatures from multiple factions, creatures you control have +2 Attack.', 'Sometimes, kinship reaches further than family.', 1, 1, 0, 0, 0, 2, 2, 7, 0.25, 1283, 0, '', 0, 1),
    (856, 'Reaver\'s Treaty', 'Units you control with [Pillage] or [Dominion] have +1 Attack.', 'The combined might of the reavers and the Mudo finally forced the Empire to withdraw. The rebellion was over; merely a waypoint in history.', 1, 1, 0, 0, 0, 1, 2, 7, 0.25, 1284, 0, '', 0, 1);

CREATE TABLE IF NOT EXISTS `scroll_template_ability` (
  `entry` smallint(5) unsigned NOT NULL DEFAULT '0',
  `abilityEntry` smallint(5) unsigned NOT NULL DEFAULT '0',
  PRIMARY KEY (`entry`,`abilityEntry`)
) ENGINE=InnoDB DEFAULT CHARSET=utf8;

INSERT INTO `scroll_template_ability` (`entry`, `abilityEntry`) VALUES
    (1, 1),
    (2, 1),
    (4, 1),
    (22, 1),
    (22, 2),
    (38, 1),
    (39, 1),
    (41, 1),
    (42, 1),
    (44, 1),
    (49, 1),
    (52, 1),
    (52, 3),
    (53, 1),
    (54, 1),
    (59, 1),
    (66, 1),
    (68, 1),
    (74, 1),
    (75, 1),
    (79, 1),
    (91, 1),
    (96, 1),
    (107, 1),
    (110, 20),
    (119, 1),
    (119, 5),
    (121, 1),
    (122, 1),
    (123, 1),
    (125, 1),
    (126, 1),
    (127, 1),
    (128, 1),
    (129, 1),
    (130, 1),
    (130, 6),
    (131, 1),
    (150, 1),
    (150, 7),
    (154, 1),
    (156, 1),
    (161, 1),
    (162, 1),
    (162, 17),
    (163, 1),
    (164, 1),
    (165, 1),
    (166, 1),
    (168, 1),
    (172, 1),
    (189, 1),
    (194, 1),
    (195, 1),
    (196, 1),
    (200, 1),
    (200, 9),
    (203, 1),
    (204, 1),
    (204, 20),
    (205, 1),
    (206, 1),
    (207, 21),
    (211, 1),
    (212, 1),
    (217, 1),
    (218, 1),
    (219, 1),
    (221, 11),
    (222, 1),
    (223, 1),
    (227, 1),
    (228, 1),
    (229, 12),
    (232, 1),
    (237, 1),
    (241, 1),
    (242, 1),
    (244, 1),
    (245, 1),
    (247, 1),
    (254, 1),
    (255, 1),
    (256, 1),
    (258, 1),
    (266, 1),
    (266, 13),
    (267, 1),
    (268, 1),
    (269, 1),
    (270, 1),
    (271, 1),
    (272, 1),
    (277, 17),
    (278, 1),
    (280, 1),
    (281, 1),
    (283, 1),
    (284, 1),
    (285, 1),
    (286, 1),
    (287, 1),
    (289, 1),
    (292, 1),
    (296, 1),
    (297, 1),
    (298, 1),
    (299, 1),
    (300, 1),
    (300, 15),
    (302, 1),
    (302, 16),
    (305, 1),
    (306, 1),
    (307, 1),
    (308, 1),
    (311, 1),
    (314, 1),
    (318, 1),
    (346, 17),
    (349, 1),
    (350, 1),
    (351, 1),
    (352, 1),
    (354, 1),
    (355, 1),
    (356, 1),
    (357, 1),
    (358, 1),
    (360, 1),
    (360, 18),
    (363, 1),
    (363, 19),
    (364, 1),
    (365, 1),
    (366, 1),
    (367, 1),
    (370, 1),
    (371, 1),
    (372, 1),
    (373, 11),
    (374, 1),
    (375, 1),
    (379, 1),
    (381, 1),
    (382, 1),
    (383, 20),
    (775, 1),
    (776, 1),
    (779, 1),
    (781, 1),
    (787, 1),
    (790, 1),
    (791, 1),
    (792, 1),
    (793, 1),
    (794, 1),
    (801, 1),
    (807, 1),
    (808, 1),
    (809, 1),
    (810, 1),
    (812, 21),
    (814, 1),
    (814, 21),
    (818, 1),
    (819, 1),
    (822, 1),
    (824, 1),
    (825, 1),
    (827, 1),
    (828, 1),
    (829, 1);

CREATE TABLE IF NOT EXISTS `scroll_template_passive` (
    `entry` smallint(5) unsigned NOT NULL DEFAULT '0',
    `passiveEntry` smallint(5) unsigned NOT NULL DEFAULT '0',
    PRIMARY KEY (`entry`,`passiveEntry`)
) ENGINE=InnoDB DEFAULT CHARSET=utf8;

INSERT INTO `scroll_template_passive` (`entry`, `passiveEntry`) VALUES
    (1, 1),
    (2, 2),
    (3, 3),
    (4, 2),
    (13, 4),
    (24, 5),
    (32, 5),
    (34, 6),
    (38, 2),
    (39, 2),
    (39, 7),
    (42, 2),
    (42, 8),
    (49, 9),
    (60, 10),
    (63, 9),
    (68, 1),
    (68, 7),
    (69, 3),
    (75, 9),
    (86, 7),
    (88, 3),
    (96, 1),
    (97, 11),
    (104, 11),
    (107, 1),
    (114, 12),
    (115, 12),
    (118, 13),
    (122, 2),
    (123, 14),
    (124, 15),
    (124, 16),
    (125, 1),
    (127, 2),
    (128, 14),
    (139, 17),
    (141, 11),
    (155, 5),
    (162, 18),
    (165, 3),
    (166, 1),
    (172, 2),
    (180, 19),
    (194, 1),
    (196, 20),
    (200, 1),
    (202, 21),
    (203, 11),
    (205, 1),
    (217, 10),
    (221, 22),
    (223, 5),
    (227, 1),
    (227, 7),
    (228, 1),
    (237, 23),
    (239, 18),
    (241, 24),
    (245, 1),
    (256, 1),
    (256, 25),
    (259, 18),
    (261, 26),
    (268, 27),
    (269, 28),
    (270, 3),
    (272, 1),
    (273, 11),
    (278, 29),
    (278, 30),
    (281, 1),
    (281, 31),
    (283, 1),
    (283, 25),
    (285, 1),
    (286, 32),
    (287, 1),
    (288, 33),
    (289, 8),
    (292, 34),
    (296, 35),
    (297, 2),
    (297, 29),
    (297, 36),
    (297, 37),
    (299, 1),
    (299, 7),
    (300, 1),
    (301, 38),
    (303, 39),
    (305, 40),
    (305, 41),
    (306, 2),
    (306, 42),
    (313, 43),
    (314, 29),
    (314, 44),
    (318, 1),
    (318, 25),
    (318, 29),
    (318, 45),
    (319, 46),
    (321, 12),
    (322, 1),
    (322, 25),
    (333, 47),
    (334, 47),
    (335, 48),
    (336, 26),
    (337, 26),
    (338, 26),
    (338, 49),
    (339, 50),
    (340, 26),
    (341, 47),
    (342, 26),
    (343, 47),
    (344, 26),
    (349, 51),
    (350, 20),
    (351, 39),
    (354, 29),
    (354, 52),
    (357, 1),
    (357, 25),
    (357, 53),
    (359, 54),
    (360, 1),
    (363, 29),
    (365, 55),
    (367, 56),
    (368, 57),
    (370, 29),
    (370, 51),
    (373, 22),
    (380, 39),
    (382, 29),
    (540, 47),
    (541, 43),
    (774, 26),
    (777, 58),
    (779, 2),
    (783, 26),
    (784, 43),
    (787, 8),
    (791, 2),
    (791, 29),
    (792, 59),
    (796, 26),
    (798, 60),
    (803, 61),
    (804, 26),
    (805, 62),
    (806, 63),
    (807, 64),
    (809, 1),
    (809, 65),
    (810, 66),
    (811, 1),
    (811, 67),
    (812, 29),
    (814, 1),
    (815, 26),
    (817, 9),
    (818, 2),
    (818, 29),
    (821, 68),
    (822, 69),
    (823, 70),
    (824, 71),
    (826, 29),
    (826, 72),
    (828, 73),
    (829, 1),
    (831, 47),
    (854, 48),
    (855, 43),
    (856, 50);

CREATE TABLE IF NOT EXISTS `scroll_template_subtype` (
    `entry` smallint(5) unsigned NOT NULL DEFAULT '0',
    `subType` smallint(5) unsigned NOT NULL DEFAULT '0',
    PRIMARY KEY (`entry`,`subType`)
) ENGINE=InnoDB DEFAULT CHARSET=utf8;

INSERT INTO `scroll_template_subtype` (`entry`, `subType`) VALUES
    (1, 1),
    (2, 1),
    (3, 1),
    (4, 2),
    (22, 2),
    (22, 3),
    (24, 4),
    (25, 5),
    (27, 5),
    (32, 4),
    (33, 6),
    (34, 5),
    (35, 5),
    (36, 7),
    (38, 8),
    (38, 9),
    (39, 10),
    (40, 6),
    (41, 2),
    (41, 3),
    (42, 2),
    (42, 3),
    (44, 8),
    (44, 9),
    (49, 8),
    (49, 9),
    (50, 5),
    (51, 11),
    (52, 2),
    (53, 2),
    (53, 3),
    (54, 2),
    (54, 12),
    (57, 7),
    (59, 2),
    (60, 6),
    (61, 6),
    (62, 7),
    (63, 11),
    (65, 11),
    (66, 13),
    (67, 5),
    (68, 13),
    (69, 6),
    (70, 5),
    (74, 2),
    (74, 12),
    (75, 2),
    (75, 3),
    (76, 7),
    (79, 2),
    (79, 14),
    (80, 5),
    (81, 5),
    (82, 11),
    (84, 5),
    (87, 5),
    (90, 6),
    (91, 2),
    (91, 3),
    (96, 13),
    (98, 6),
    (100, 5),
    (102, 5),
    (107, 2),
    (107, 14),
    (108, 15),
    (109, 15),
    (110, 15),
    (111, 15),
    (112, 15),
    (113, 15),
    (115, 6),
    (116, 5),
    (118, 4),
    (119, 2),
    (119, 12),
    (120, 6),
    (121, 2),
    (121, 16),
    (122, 2),
    (122, 16),
    (123, 2),
    (123, 16),
    (125, 2),
    (125, 16),
    (126, 2),
    (126, 16),
    (127, 2),
    (127, 16),
    (128, 2),
    (128, 16),
    (129, 8),
    (129, 17),
    (130, 1),
    (131, 2),
    (133, 5),
    (137, 5),
    (143, 5),
    (147, 5),
    (150, 2),
    (153, 11),
    (154, 2),
    (155, 4),
    (156, 18),
    (159, 5),
    (160, 11),
    (161, 2),
    (161, 19),
    (162, 2),
    (163, 20),
    (164, 20),
    (164, 21),
    (165, 8),
    (165, 22),
    (166, 2),
    (168, 2),
    (169, 6),
    (170, 6),
    (172, 20),
    (172, 21),
    (173, 11),
    (176, 5),
    (180, 5),
    (183, 5),
    (185, 11),
    (186, 11),
    (187, 5),
    (189, 8),
    (189, 22),
    (190, 5),
    (194, 2),
    (194, 19),
    (195, 8),
    (196, 2),
    (197, 6),
    (197, 20),
    (200, 2),
    (203, 2),
    (203, 3),
    (204, 13),
    (205, 2),
    (205, 14),
    (206, 2),
    (206, 16),
    (207, 23),
    (210, 11),
    (211, 2),
    (211, 3),
    (212, 2),
    (212, 3),
    (217, 2),
    (217, 3),
    (218, 2),
    (218, 3),
    (219, 2),
    (219, 3),
    (221, 8),
    (222, 2),
    (222, 3),
    (223, 2),
    (223, 14),
    (224, 11),
    (226, 5),
    (227, 13),
    (228, 2),
    (228, 19),
    (229, 11),
    (230, 7),
    (232, 2),
    (232, 12),
    (233, 11),
    (237, 2),
    (237, 16),
    (240, 7),
    (241, 2),
    (241, 14),
    (242, 2),
    (244, 2),
    (245, 2),
    (245, 19),
    (247, 8),
    (253, 11),
    (254, 2),
    (254, 16),
    (255, 2),
    (255, 19),
    (256, 2),
    (256, 14),
    (258, 2),
    (258, 14),
    (259, 11),
    (261, 24),
    (266, 2),
    (267, 2),
    (268, 20),
    (269, 8),
    (270, 8),
    (270, 21),
    (271, 2),
    (272, 2),
    (272, 19),
    (275, 7),
    (277, 11),
    (278, 2),
    (280, 2),
    (281, 2),
    (283, 2),
    (283, 14),
    (284, 13),
    (285, 2),
    (285, 25),
    (286, 2),
    (286, 25),
    (287, 13),
    (288, 5),
    (289, 2),
    (289, 26),
    (292, 18),
    (296, 2),
    (296, 26),
    (297, 2),
    (297, 3),
    (298, 2),
    (298, 19),
    (299, 2),
    (299, 25),
    (300, 2),
    (302, 2),
    (302, 19),
    (305, 2),
    (305, 16),
    (306, 2),
    (306, 16),
    (307, 8),
    (307, 27),
    (308, 2),
    (310, 5),
    (311, 2),
    (311, 16),
    (313, 24),
    (314, 2),
    (315, 6),
    (317, 5),
    (318, 2),
    (318, 25),
    (321, 11),
    (322, 4),
    (332, 6),
    (333, 24),
    (334, 24),
    (335, 24),
    (336, 24),
    (337, 24),
    (338, 24),
    (339, 24),
    (340, 24),
    (341, 24),
    (342, 24),
    (343, 24),
    (344, 24),
    (345, 11),
    (346, 11),
    (349, 20),
    (349, 28),
    (350, 20),
    (351, 2),
    (352, 2),
    (352, 19),
    (353, 11),
    (354, 2),
    (354, 12),
    (355, 2),
    (355, 12),
    (356, 2),
    (356, 12),
    (357, 2),
    (357, 12),
    (358, 2),
    (360, 2),
    (360, 19),
    (361, 11),
    (363, 1),
    (364, 1),
    (365, 1),
    (366, 1),
    (367, 8),
    (370, 2),
    (370, 19),
    (371, 8),
    (372, 2),
    (373, 8),
    (374, 8),
    (375, 18),
    (378, 6),
    (379, 2),
    (381, 2),
    (381, 29),
    (382, 2),
    (383, 6),
    (385, 5),
    (540, 24),
    (541, 24),
    (774, 24),
    (775, 20),
    (776, 13),
    (779, 2),
    (779, 30),
    (781, 2),
    (781, 31),
    (782, 7),
    (783, 24),
    (784, 24),
    (787, 2),
    (787, 30),
    (790, 2),
    (791, 2),
    (791, 19),
    (792, 8),
    (792, 21),
    (793, 20),
    (794, 2),
    (794, 19),
    (795, 11),
    (796, 24),
    (801, 2),
    (803, 11),
    (804, 24),
    (807, 2),
    (808, 2),
    (809, 13),
    (810, 2),
    (811, 4),
    (812, 23),
    (814, 13),
    (815, 24),
    (817, 11),
    (818, 2),
    (819, 8),
    (819, 32),
    (820, 11),
    (822, 2),
    (822, 30),
    (823, 5),
    (824, 2),
    (824, 30),
    (825, 2),
    (825, 12),
    (826, 11),
    (827, 2),
    (827, 19),
    (828, 8),
    (829, 2),
    (829, 19),
    (831, 24),
    (854, 24),
    (855, 24),
    (856, 24);

CREATE TABLE IF NOT EXISTS `scroll_template_tag` (
    `entry` smallint(5) unsigned NOT NULL DEFAULT '0',
    `tagEntry` smallint(5) unsigned NOT NULL DEFAULT '0',
    `value` varchar(50) NOT NULL DEFAULT '',
    PRIMARY KEY (`entry`,`tagEntry`)
) ENGINE=InnoDB DEFAULT CHARSET=utf8;

INSERT INTO `scroll_template_tag` (`entry`, `tagEntry`, `value`) VALUES
    (1, 1, 'impact_gravelock_physical'),
    (2, 1, 'attack_generic_hit_00'),
    (2, 2, '0'),
    (2, 3, '0.95'),
    (2, 4, '1.1'),
    (2, 5, 'init'),
    (3, 1, 'action_gravelock_infected'),
    (4, 1, 'attack_generic_hit_00'),
    (4, 2, '0.04'),
    (4, 3, '0.95'),
    (4, 4, '1.1'),
    (4, 5, 'init'),
    (13, 6, '0.8'),
    (13, 7, 'growth_buff_00'),
    (13, 8, '1.1'),
    (15, 6, '1'),
    (15, 7, 'order_buff_00'),
    (15, 8, '1.1'),
    (15, 9, 'init'),
    (15, 10, '0.5'),
    (16, 7, 'growth_buff_00'),
    (17, 6, '0.8'),
    (17, 7, 'growth_debuff_00'),
    (17, 8, '1.1'),
    (20, 6, '1'),
    (20, 7, 'order_debuff_00'),
    (20, 8, '1.1'),
    (20, 9, 'init'),
    (20, 10, '0.5'),
    (22, 1, 'attack_generic_hit_00'),
    (22, 2, '0'),
    (22, 3, '0.95'),
    (22, 4, '1.15'),
    (22, 5, 'init'),
    (24, 1, 'action_catapult_goo'),
    (24, 11, 'impact_catapult_goo'),
    (26, 7, 'growth_buff_00'),
    (27, 7, 'action_burn'),
    (27, 12, 'fire_01'),
    (30, 6, '0.8'),
    (30, 7, 'growth_buff_00'),
    (30, 8, '1.1'),
    (30, 13, 'True'),
    (32, 1, 'attack_generic_catapult_00'),
    (32, 2, '0.1'),
    (32, 3, '0.95'),
    (32, 4, '1.1'),
    (32, 5, 'init'),
    (32, 11, 'impact_wood_hard_00'),
    (34, 14, '2'),
    (34, 15, '2'),
    (34, 16, '1'),
    (35, 7, 'action_burn'),
    (37, 7, 'action_frost_wind'),
    (38, 1, 'attack_bite_large_01'),
    (38, 2, '0.195'),
    (38, 3, '0.95'),
    (38, 4, '1.15'),
    (38, 5, 'init'),
    (39, 17, 'True'),
    (41, 1, 'attack_generic_swing_01'),
    (41, 2, '0.25'),
    (41, 3, '1.05'),
    (41, 4, '1.15'),
    (41, 5, 'init'),
    (42, 1, 'attack_generic_swing_02'),
    (42, 2, '0.2'),
    (42, 3, '1'),
    (42, 4, '1.1'),
    (42, 5, 'init'),
    (43, 6, '0.8'),
    (43, 7, 'growth_buff_00'),
    (43, 8, '1.1'),
    (44, 1, 'attack_bite_large_00'),
    (44, 2, '0.195'),
    (44, 3, '0.95'),
    (44, 4, '1.15'),
    (44, 5, 'init'),
    (45, 6, '0.8'),
    (45, 7, 'growth_buff_00'),
    (45, 8, '1.1'),
    (47, 6, '1'),
    (47, 7, 'energy_buff_00'),
    (47, 8, '1.1'),
    (47, 9, 'init'),
    (47, 10, '0.5'),
    (47, 17, 'True'),
    (48, 7, 'action_pushback'),
    (49, 1, 'attack_bite_large_00'),
    (49, 2, '0.195'),
    (49, 3, '0.95'),
    (49, 4, '1.15'),
    (49, 5, 'init'),
    (52, 1, 'attack_generic_hit_00'),
    (52, 2, '0'),
    (52, 3, '1'),
    (52, 4, '1.15'),
    (52, 5, 'init'),
    (53, 1, 'attack_generic_hit_00'),
    (53, 2, '0.01'),
    (53, 3, '1.1'),
    (53, 4, '1.2'),
    (53, 5, 'init'),
    (54, 1, 'attack_generic_swing_01'),
    (54, 2, '0.25'),
    (54, 3, '0.9'),
    (54, 4, '1'),
    (54, 5, 'init'),
    (58, 6, '0.8'),
    (58, 7, 'growth_buff_00'),
    (58, 8, '1.1'),
    (59, 1, 'attack_generic_swing_01'),
    (59, 2, '0.09'),
    (59, 3, '1.1'),
    (59, 4, '1.2'),
    (59, 5, 'init'),
    (64, 6, '1'),
    (64, 7, 'order_countdown_00'),
    (64, 8, '1.1'),
    (64, 9, 'init'),
    (64, 10, '0.5'),
    (66, 1, 'attack_explosion_small_00'),
    (66, 2, '1.12'),
    (66, 3, '2'),
    (66, 4, '2.1'),
    (66, 5, 'init'),
    (67, 7, 'action_burn'),
    (68, 17, 'True'),
    (71, 6, '1'),
    (71, 7, 'order_buff_00'),
    (71, 8, '1.1'),
    (71, 9, 'init'),
    (71, 10, '0.5'),
    (74, 1, 'attack_generic_swing_02'),
    (74, 2, '0.26'),
    (74, 3, '0.9'),
    (74, 4, '1'),
    (74, 5, 'init'),
    (75, 1, 'attack_generic_swing_01'),
    (75, 2, '0.25'),
    (75, 3, '1.05'),
    (75, 4, '1.15'),
    (75, 5, 'init'),
    (76, 18, '4'),
    (76, 19, '0.3'),
    (77, 7, 'action_fury'),
    (78, 7, 'growth_buff_00'),
    (79, 6, '1'),
    (79, 7, 'energy_buff_00'),
    (79, 8, '1.1'),
    (79, 9, 'init'),
    (79, 10, '0.5'),
    (80, 6, '1'),
    (80, 7, 'energy_debuff_00'),
    (80, 8, '1.1'),
    (80, 9, 'init'),
    (80, 10, '0.5'),
    (82, 1, 'attack_zap_large_00'),
    (82, 2, '0'),
    (82, 3, '1'),
    (82, 4, '1.1'),
    (82, 5, 'init'),
    (83, 6, '1'),
    (83, 7, 'energy_buff_00'),
    (83, 8, '1.1'),
    (83, 9, 'init'),
    (83, 10, '0.5'),
    (85, 6, '1'),
    (85, 7, 'energy_buff_00'),
    (85, 8, '1.1'),
    (85, 9, 'init'),
    (85, 10, '0.5'),
    (86, 6, '1'),
    (86, 7, 'order_buff_00'),
    (86, 8, '1.1'),
    (86, 9, 'init'),
    (86, 10, '0.5'),
    (86, 17, 'True'),
    (88, 6, '0.8'),
    (88, 7, 'growth_buff_00'),
    (88, 8, '1.1'),
    (90, 20, 'True'),
    (90, 21, 'gunpowder_explosion_1'),
    (91, 1, 'attack_generic_swing_00'),
    (91, 2, '0.19'),
    (91, 3, '0.9'),
    (91, 4, '1'),
    (91, 5, 'init'),
    (91, 6, '1'),
    (91, 7, 'frostbeard_buff_00'),
    (91, 8, '1.1'),
    (91, 9, 'init'),
    (91, 10, '0.5'),
    (92, 6, '1'),
    (92, 7, 'order_buff_00'),
    (92, 8, '1.1'),
    (92, 9, 'init'),
    (92, 10, '0.5'),
    (95, 6, '1'),
    (95, 7, 'order_buff_00'),
    (95, 8, '1.1'),
    (95, 9, 'init'),
    (95, 10, '0.5'),
    (96, 1, 'attack_cannon_small_00'),
    (97, 6, '1'),
    (97, 7, 'order_buff_00'),
    (97, 8, '1.1'),
    (97, 9, 'init'),
    (97, 10, '0.5'),
    (100, 6, '0.8'),
    (100, 7, 'growth_debuff_00'),
    (100, 8, '1.1'),
    (102, 6, '1'),
    (102, 7, 'decay_debuff_00'),
    (102, 8, '1.1'),
    (102, 9, 'init'),
    (102, 10, '0.5'),
    (103, 6, '1'),
    (103, 7, 'order_buff_00'),
    (103, 8, '1.1'),
    (103, 9, 'init'),
    (103, 10, '0.5'),
    (104, 7, 'growth_buff_00'),
    (107, 1, 'action_scattergun'),
    (107, 11, 'impact_scattergun'),
    (107, 22, 'True'),
    (114, 6, '0.8'),
    (114, 7, 'growth_buff_00'),
    (114, 8, '1.1'),
    (118, 1, 'action_hellfire_mortar'),
    (118, 4, '0.95'),
    (118, 5, 'init'),
    (118, 11, 'impact_hellfire_mortar'),
    (118, 23, '0.8'),
    (119, 1, 'attack_generic_swing_01'),
    (119, 2, '0.2'),
    (119, 3, '0.9'),
    (119, 4, '1'),
    (119, 5, 'init'),
    (119, 6, '1'),
    (119, 7, 'order_buff_00'),
    (119, 8, '1.1'),
    (119, 9, 'init'),
    (119, 10, '0.5'),
    (121, 1, 'attack_generic_swing_00'),
    (121, 2, '0.25'),
    (121, 3, '1'),
    (121, 4, '1.1'),
    (121, 5, 'init'),
    (122, 1, 'attack_generic_swing_01'),
    (122, 2, '0.11'),
    (122, 3, '1'),
    (122, 4, '1.1'),
    (122, 5, 'init'),
    (124, 6, '1'),
    (124, 7, 'order_buff_00'),
    (124, 8, '1.1'),
    (124, 9, 'init'),
    (124, 10, '0.5'),
    (125, 1, 'attack_generic_crossbow_00'),
    (125, 2, '0.05'),
    (125, 3, '0.95'),
    (125, 4, '1.1'),
    (125, 5, 'init'),
    (125, 11, 'impact_crossbow_01'),
    (126, 1, 'attack_generic_swing_00'),
    (126, 2, '0.13'),
    (126, 3, '1'),
    (126, 4, '1.1'),
    (126, 5, 'init'),
    (127, 1, 'attack_generic_swing_01'),
    (127, 2, '0.11'),
    (127, 3, '1'),
    (127, 4, '1.1'),
    (127, 5, 'init'),
    (128, 1, 'attack_generic_hit_00'),
    (128, 2, '0.04'),
    (128, 3, '0.95'),
    (128, 4, '1.1'),
    (128, 5, 'init'),
    (129, 1, 'attack_bite_small_00'),
    (129, 2, '0.17'),
    (129, 3, '1.5'),
    (129, 4, '1.6'),
    (129, 5, 'init'),
    (130, 24, 'growth_buff_00'),
    (130, 25, '0.8'),
    (130, 26, '1.1'),
    (131, 1, 'attack_generic_swing_02'),
    (131, 2, '0.27'),
    (131, 3, '1.1'),
    (131, 4, '1.2'),
    (131, 5, 'init'),
    (134, 6, '1'),
    (134, 7, 'order_buff_00'),
    (134, 8, '1.1'),
    (134, 9, 'init'),
    (134, 10, '0.5'),
    (135, 6, '1'),
    (135, 7, 'decay_debuff_00'),
    (135, 8, '1.1'),
    (135, 9, 'init'),
    (135, 10, '0.5'),
    (138, 6, '1'),
    (138, 7, 'energy_buff_00'),
    (138, 8, '1.1'),
    (138, 9, 'init'),
    (138, 10, '0.5'),
    (139, 6, '1'),
    (139, 7, 'energy_buff_00'),
    (139, 8, '1.1'),
    (139, 9, 'init'),
    (139, 10, '0.5'),
    (140, 6, '1'),
    (140, 7, 'energy_countdown_00'),
    (140, 8, '1.1'),
    (140, 9, 'init'),
    (140, 10, '0.5'),
    (140, 13, 'True'),
    (141, 6, '1'),
    (141, 7, 'energy_buff_00'),
    (141, 8, '1.1'),
    (141, 9, 'init'),
    (141, 10, '0.5'),
    (141, 17, 'True'),
    (148, 6, '1'),
    (148, 7, 'energy_buff_00'),
    (148, 8, '1.1'),
    (148, 9, 'init'),
    (148, 10, '0.5'),
    (149, 6, '1'),
    (149, 7, 'energy_buff_00'),
    (149, 8, '1.1'),
    (149, 9, 'init'),
    (149, 10, '0.5'),
    (150, 1, 'attack_generic_hit_00'),
    (150, 2, '0.01'),
    (150, 3, '0.85'),
    (150, 4, '1'),
    (150, 5, 'init'),
    (151, 6, '1'),
    (151, 7, 'energy_buff_00'),
    (151, 8, '1.1'),
    (151, 9, 'init'),
    (151, 10, '0.5'),
    (154, 1, 'attack_generic_hit_00'),
    (154, 2, '0.025'),
    (154, 3, '1.15'),
    (154, 4, '1.25'),
    (154, 5, 'init'),
    (155, 1, 'attack_generic_catapult_00'),
    (155, 2, '0.75'),
    (155, 3, '0.95'),
    (155, 4, '1.1'),
    (155, 5, 'init'),
    (156, 1, 'attack_generic_hit_00'),
    (156, 2, '0.015'),
    (156, 3, '0.9'),
    (156, 4, '1.05'),
    (156, 5, 'init'),
    (158, 6, '1'),
    (158, 7, 'order_buff_00'),
    (158, 8, '1.1'),
    (158, 9, 'init'),
    (158, 10, '0.5'),
    (160, 1, 'attack_zap_small_01'),
    (160, 2, '0'),
    (160, 3, '1'),
    (160, 4, '1.1'),
    (160, 5, 'init'),
    (161, 1, 'attack_generic_hit_00'),
    (161, 2, '0.08'),
    (161, 3, '1.15'),
    (161, 4, '1.25'),
    (161, 5, 'init'),
    (162, 1, 'attack_generic_hit_00'),
    (162, 2, '0.09'),
    (162, 3, '0.95'),
    (162, 4, '1.1'),
    (162, 5, 'init'),
    (163, 1, 'attack_generic_slash_01'),
    (163, 3, '0.9'),
    (163, 4, '1.1'),
    (164, 1, 'attack_generic_slash_00'),
    (164, 3, '0.9'),
    (164, 4, '1.1'),
    (165, 1, 'attack_bite_small_01'),
    (165, 2, '0.16'),
    (165, 3, '1'),
    (165, 4, '1.1'),
    (165, 5, 'init'),
    (168, 1, 'attack_generic_hit_00'),
    (168, 2, '0.1'),
    (168, 3, '0.95'),
    (168, 4, '1.1'),
    (168, 5, 'init'),
    (171, 6, '1'),
    (171, 7, 'decay_buff_00'),
    (171, 8, '1.1'),
    (171, 9, 'init'),
    (171, 10, '0.5'),
    (172, 27, 'True'),
    (174, 6, '1'),
    (174, 7, 'decay_buff_00'),
    (174, 8, '1.1'),
    (174, 9, 'init'),
    (174, 10, '0.5'),
    (176, 6, '1'),
    (176, 7, 'decay_debuff_00'),
    (176, 8, '1.1'),
    (176, 9, 'init'),
    (176, 10, '0.5'),
    (179, 6, '1'),
    (179, 7, 'decay_buff_00'),
    (179, 8, '1.1'),
    (179, 9, 'init'),
    (179, 10, '0.5'),
    (180, 14, '1'),
    (181, 6, '1'),
    (181, 7, 'decay_debuff_00'),
    (181, 8, '1.1'),
    (181, 9, 'init'),
    (181, 10, '0.5'),
    (182, 6, '1'),
    (182, 7, 'energy_debuff_00'),
    (182, 8, '1.1'),
    (182, 9, 'init'),
    (182, 10, '0.5'),
    (183, 6, '1'),
    (183, 7, 'decay_debuff_00'),
    (183, 8, '1.1'),
    (183, 9, 'init'),
    (183, 10, '0.5'),
    (184, 6, '1'),
    (184, 7, 'decay_debuff_00'),
    (184, 8, '1.1'),
    (184, 9, 'init'),
    (184, 10, '0.5'),
    (187, 6, '1'),
    (187, 7, 'decay_debuff_00'),
    (187, 8, '1.1'),
    (187, 9, 'init'),
    (187, 10, '0.5'),
    (189, 1, 'attack_bite_small_00'),
    (189, 2, '0.16'),
    (189, 3, '1.5'),
    (189, 4, '1.6'),
    (189, 5, 'init'),
    (191, 6, '1'),
    (191, 7, 'decay_buff_00'),
    (191, 8, '1.1'),
    (191, 9, 'init'),
    (191, 10, '0.5'),
    (193, 6, '1'),
    (193, 7, 'order_buff_00'),
    (193, 8, '1.1'),
    (193, 9, 'init'),
    (193, 10, '0.5'),
    (195, 28, 'True'),
    (196, 1, 'attack_generic_hit_00'),
    (196, 2, '0'),
    (196, 3, '0.95'),
    (196, 4, '1.1'),
    (196, 5, 'init'),
    (198, 6, '1'),
    (198, 7, 'decay_debuff_00'),
    (198, 8, '1.1'),
    (198, 9, 'init'),
    (198, 10, '0.5'),
    (201, 6, '1'),
    (201, 7, 'decay_buff_00'),
    (201, 8, '1.1'),
    (201, 9, 'init'),
    (201, 10, '0.5'),
    (202, 6, '1'),
    (202, 7, 'decay_buff_00'),
    (202, 8, '1.1'),
    (202, 9, 'init'),
    (202, 10, '0.5'),
    (202, 29, 'True'),
    (203, 1, 'attack_generic_hit_00'),
    (203, 2, '0.01'),
    (203, 3, '0.95'),
    (203, 4, '1.1'),
    (203, 5, 'init'),
    (204, 6, '1'),
    (204, 7, 'energy_countdown_00'),
    (204, 8, '1.1'),
    (204, 9, 'init'),
    (204, 10, '0.5'),
    (204, 27, 'True'),
    (205, 1, 'attack_rifle_00'),
    (205, 3, '0.8'),
    (205, 4, '0.9'),
    (206, 1, 'attack_generic_hit_00'),
    (206, 2, '0.1'),
    (206, 3, '0.92'),
    (206, 4, '1.02'),
    (206, 5, 'init'),
    (207, 6, '1'),
    (207, 7, 'energy_countdown_00'),
    (207, 8, '1.1'),
    (207, 9, 'init'),
    (207, 10, '0.5'),
    (208, 6, '0.8'),
    (208, 7, 'growth_buff_00'),
    (208, 8, '1.1'),
    (209, 6, '1'),
    (209, 7, 'order_buff_00'),
    (209, 8, '1.1'),
    (209, 9, 'init'),
    (209, 10, '0.5'),
    (210, 1, 'attack_zap_small_00'),
    (210, 2, '0.28'),
    (210, 3, '1'),
    (210, 4, '1.1'),
    (210, 5, 'init'),
    (212, 1, 'attack_generic_swing_01'),
    (212, 2, '0.25'),
    (212, 3, '1'),
    (212, 4, '1.1'),
    (212, 5, 'init'),
    (213, 6, '0.8'),
    (213, 7, 'growth_buff_00'),
    (213, 8, '1.1'),
    (216, 7, 'growth_buff_00'),
    (218, 1, 'attack_generic_swing_02'),
    (218, 2, '0.27'),
    (218, 3, '0.9'),
    (218, 4, '1'),
    (218, 5, 'init'),
    (219, 1, 'attack_generic_hit_00'),
    (219, 2, '0.35'),
    (219, 3, '0.95'),
    (219, 4, '1.1'),
    (219, 5, 'init'),
    (221, 1, 'attack_generic_hit_00'),
    (221, 2, '0.02'),
    (221, 3, '1.1'),
    (221, 4, '1.2'),
    (221, 5, 'init'),
    (222, 1, 'attack_generic_swing_02'),
    (222, 2, '0.2'),
    (222, 3, '1'),
    (222, 4, '1.1'),
    (222, 5, 'init'),
    (223, 1, 'attack_throw_01'),
    (223, 3, '0.8'),
    (223, 4, '0.9'),
    (223, 30, 'True'),
    (225, 6, '1'),
    (225, 7, 'energy_buff_00'),
    (225, 8, '1.1'),
    (225, 9, 'init'),
    (225, 10, '0.5'),
    (227, 1, 'attack_cannon_small_00'),
    (227, 3, '0.8'),
    (227, 4, '1'),
    (227, 17, 'True'),
    (229, 6, '1'),
    (229, 7, 'order_buff_00'),
    (229, 8, '1.1'),
    (229, 9, 'init'),
    (229, 10, '0.5'),
    (231, 6, '1'),
    (231, 7, 'order_buff_00'),
    (231, 8, '1.1'),
    (231, 9, 'init'),
    (231, 10, '0.5'),
    (232, 1, 'attack_generic_swing_00'),
    (232, 2, '0.1'),
    (232, 3, '1'),
    (232, 4, '1.1'),
    (232, 5, 'init'),
    (234, 6, '1'),
    (234, 7, 'order_buff_00'),
    (234, 8, '1.1'),
    (234, 9, 'init'),
    (234, 10, '0.5'),
    (235, 6, '1'),
    (235, 7, 'energy_buff_00'),
    (235, 8, '1.1'),
    (235, 9, 'init'),
    (235, 10, '0.5'),
    (236, 6, '1'),
    (236, 7, 'energy_buff_00'),
    (236, 8, '1.1'),
    (236, 9, 'init'),
    (236, 10, '0.5'),
    (237, 1, 'attack_generic_swing_02'),
    (237, 2, '0.23'),
    (237, 3, '1'),
    (237, 4, '1.1'),
    (237, 5, 'init'),
    (238, 6, '1'),
    (238, 7, 'order_debuff_00'),
    (238, 8, '1.1'),
    (238, 9, 'init'),
    (238, 10, '0.5'),
    (239, 6, '1'),
    (239, 7, 'decay_buff_00'),
    (239, 8, '1.1'),
    (239, 9, 'init'),
    (239, 10, '0.5'),
    (241, 1, 'attack_generic_hit_00'),
    (241, 2, '0.13'),
    (241, 3, '0.95'),
    (241, 4, '1.1'),
    (241, 5, 'init'),
    (242, 1, 'attack_generic_hit_00'),
    (242, 2, '0'),
    (242, 3, '1.1'),
    (242, 4, '1.2'),
    (242, 5, 'init'),
    (244, 1, 'attack_generic_swing_00'),
    (244, 2, '0.24'),
    (244, 3, '1'),
    (244, 4, '1.1'),
    (244, 5, 'init'),
    (247, 1, 'attack_generic_hit_00'),
    (247, 2, '0.55'),
    (247, 3, '0.95'),
    (247, 4, '1.1'),
    (247, 5, 'init'),
    (248, 6, '1'),
    (248, 7, 'decay_buff_00'),
    (248, 8, '1.1'),
    (248, 9, 'init'),
    (248, 10, '0.5'),
    (251, 6, '1'),
    (251, 7, 'decay_buff_00'),
    (251, 8, '1.1'),
    (251, 9, 'init'),
    (251, 10, '0.5'),
    (254, 1, 'attack_generic_swing_01'),
    (254, 2, '0.25'),
    (254, 3, '1'),
    (254, 4, '1.1'),
    (254, 5, 'init'),
    (255, 1, 'attack_generic_swing_01'),
    (255, 2, '0.22'),
    (255, 3, '1.1'),
    (255, 4, '1.2'),
    (255, 5, 'init'),
    (256, 1, 'attack_rifle_02'),
    (256, 3, '0.8'),
    (256, 4, '0.9'),
    (258, 6, '1'),
    (258, 7, 'energy_countdown_00'),
    (258, 8, '1.1'),
    (258, 9, 'init'),
    (258, 10, '0.5'),
    (261, 7, 'growth_buff_00'),
    (262, 6, '1'),
    (262, 7, 'energy_buff_00'),
    (262, 8, '1.1'),
    (262, 9, 'init'),
    (262, 10, '0.5'),
    (263, 6, '1'),
    (263, 7, 'order_debuff_00'),
    (263, 8, '1.1'),
    (263, 9, 'init'),
    (263, 10, '0.5'),
    (264, 6, '1'),
    (264, 7, 'decay_debuff_00'),
    (264, 8, '1.1'),
    (264, 9, 'init'),
    (264, 10, '0.5'),
    (265, 6, '1'),
    (265, 7, 'decay_buff_00'),
    (265, 8, '1.1'),
    (265, 9, 'init'),
    (265, 10, '0.5'),
    (266, 1, 'attack_generic_swing_01'),
    (266, 2, '0.26'),
    (266, 3, '1'),
    (266, 4, '1.1'),
    (266, 5, 'init'),
    (267, 1, 'attack_generic_slash_01'),
    (267, 3, '1.2'),
    (267, 4, '1.4'),
    (268, 1, 'attack_generic_hit_00'),
    (268, 2, '0.27'),
    (268, 3, '0.95'),
    (268, 4, '1.1'),
    (268, 5, 'init'),
    (269, 1, 'attack_bite_large_01'),
    (269, 2, '0.21'),
    (269, 3, '0.95'),
    (269, 4, '1.15'),
    (269, 5, 'init'),
    (271, 1, 'attack_generic_slash_01'),
    (271, 3, '0.8'),
    (271, 4, '0.9'),
    (274, 6, '1'),
    (274, 7, 'order_buff_00'),
    (274, 8, '1.1'),
    (274, 9, 'init'),
    (274, 10, '0.5'),
    (276, 6, '1'),
    (276, 7, 'decay_debuff_00'),
    (276, 8, '1.1'),
    (276, 9, 'init'),
    (276, 10, '0.5'),
    (277, 27, 'True'),
    (278, 31, 'Nuru'),
    (280, 1, 'attack_generic_swing_01'),
    (280, 2, '0.22'),
    (280, 3, '1.1'),
    (280, 4, '1.2'),
    (280, 5, 'init'),
    (280, 23, '1.14'),
    (281, 1, 'attack_throw_00'),
    (281, 3, '0.9'),
    (281, 4, '1'),
    (281, 23, '0.85'),
    (283, 1, 'attack_rifle_00'),
    (283, 3, '0.8'),
    (283, 4, '1.1'),
    (284, 1, 'attack_generic_hit_00'),
    (284, 2, '0.16'),
    (284, 3, '0.95'),
    (284, 4, '1.1'),
    (284, 5, 'init'),
    (287, 1, 'attack_rifle_02'),
    (287, 3, '1'),
    (287, 4, '1.1'),
    (289, 1, 'attack_generic_swing_02'),
    (289, 2, '0.09'),
    (289, 3, '0.9'),
    (289, 4, '1'),
    (289, 5, 'init'),
    (291, 6, '0.8'),
    (291, 7, 'growth_buff_00'),
    (291, 8, '1.1'),
    (294, 6, '0.8'),
    (294, 7, 'growth_buff_00'),
    (294, 8, '1.1'),
    (296, 1, 'attack_generic_hit_00'),
    (296, 2, '0.28'),
    (296, 3, '0.9'),
    (296, 4, '1'),
    (296, 5, 'init'),
    (297, 23, '0.85'),
    (297, 31, 'Urhald'),
    (299, 1, 'attack_cannon_small_00'),
    (299, 3, '0.7'),
    (299, 4, '0.9'),
    (299, 17, 'True'),
    (300, 1, 'attack_rifle_00'),
    (300, 3, '0.6'),
    (300, 4, '0.7'),
    (301, 6, '1'),
    (301, 7, 'energy_buff_00'),
    (301, 8, '1.1'),
    (301, 9, 'init'),
    (301, 10, '0.5'),
    (302, 24, 'growth_buff_00'),
    (302, 25, '0.8'),
    (302, 26, '1.1'),
    (303, 6, '0.8'),
    (303, 7, 'growth_buff_00'),
    (303, 8, '1.1'),
    (304, 6, '0.8'),
    (304, 7, 'growth_buff_00'),
    (304, 8, '1.1'),
    (305, 1, 'attack_generic_swing_00'),
    (305, 2, '0.23'),
    (305, 3, '1'),
    (305, 4, '1.1'),
    (305, 5, 'init'),
    (306, 1, 'attack_generic_swing_00'),
    (306, 2, '0.13'),
    (306, 3, '0.95'),
    (306, 4, '1.05'),
    (306, 5, 'init'),
    (307, 1, 'attack_generic_slash_00'),
    (307, 3, '0.7'),
    (307, 4, '1'),
    (308, 1, 'attack_generic_hit_00'),
    (308, 2, '0'),
    (308, 3, '0.95'),
    (308, 4, '1.1'),
    (308, 5, 'init'),
    (308, 23, '1.2'),
    (309, 6, '1'),
    (309, 7, 'decay_debuff_00'),
    (309, 8, '1.1'),
    (309, 9, 'init'),
    (309, 10, '0.5'),
    (310, 6, '0.8'),
    (310, 7, 'growth_debuff_00'),
    (310, 8, '1.1'),
    (311, 1, 'attack_generic_hit_00'),
    (311, 2, '0.28'),
    (311, 3, '0.9'),
    (311, 4, '1'),
    (311, 5, 'init'),
    (312, 6, '1'),
    (312, 7, 'order_debuff_00'),
    (312, 8, '1.1'),
    (312, 9, 'init'),
    (312, 10, '0.5'),
    (314, 1, 'attack_generic_swing_02'),
    (314, 2, '0.02'),
    (314, 3, '1'),
    (314, 4, '1.1'),
    (314, 5, 'init'),
    (314, 31, 'Cay'),
    (318, 22, 'True'),
    (318, 23, '0.89'),
    (318, 31, 'Thea'),
    (318, 32, '-0.11'),
    (319, 6, '1'),
    (319, 7, 'decay_buff_00'),
    (319, 8, '1.1'),
    (319, 9, 'init'),
    (319, 10, '0.5'),
    (321, 27, 'True'),
    (322, 22, 'True'),
    (322, 27, 'True'),
    (322, 33, 'True'),
    (332, 23, '0.8'),
    (333, 29, 'True'),
    (334, 29, 'True'),
    (335, 29, 'True'),
    (336, 29, 'True'),
    (337, 29, 'True'),
    (338, 29, 'True'),
    (338, 31, 'Caravans'),
    (339, 29, 'True'),
    (340, 29, 'True'),
    (341, 29, 'True'),
    (342, 29, 'True'),
    (343, 29, 'True'),
    (344, 29, 'True'),
    (345, 29, 'True'),
    (346, 23, '0.8'),
    (346, 32, '-0.11'),
    (347, 29, 'True'),
    (348, 29, 'True'),
    (354, 23, '0.9'),
    (354, 31, 'Reloras'),
    (357, 22, 'True'),
    (358, 29, 'True'),
    (360, 22, 'True'),
    (362, 29, 'True'),
    (363, 31, 'Uhu'),
    (370, 31, 'Vilda'),
    (372, 23, '0.85'),
    (374, 23, '0.9'),
    (381, 29, 'True'),
    (382, 31, 'Irva'),
    (383, 29, 'True'),
    (384, 29, 'True'),
    (385, 29, 'True'),
    (540, 29, 'True'),
    (541, 29, 'True'),
    (542, 29, 'True'),
    (774, 29, 'True'),
    (775, 1, 'attack_generic_slash_01'),
    (775, 3, '0.9'),
    (775, 4, '1.1'),
    (777, 29, 'True'),
    (781, 23, '0.95'),
    (787, 1, 'attack_generic_swing_02'),
    (787, 2, '0.2'),
    (787, 3, '1'),
    (787, 4, '1.1'),
    (787, 5, 'init'),
    (790, 29, 'True'),
    (791, 29, 'True'),
    (791, 31, 'Varas'),
    (792, 29, 'True'),
    (793, 29, 'True'),
    (794, 29, 'True'),
    (795, 29, 'True'),
    (796, 29, 'True'),
    (797, 29, 'True'),
    (798, 29, 'True'),
    (799, 29, 'True'),
    (800, 29, 'True'),
    (801, 23, '0.87'),
    (801, 29, 'True'),
    (803, 29, 'True'),
    (804, 29, 'True'),
    (805, 29, 'True'),
    (806, 29, 'True'),
    (807, 29, 'True'),
    (808, 23, '0.87'),
    (808, 29, 'True'),
    (809, 29, 'True'),
    (810, 29, 'True'),
    (811, 29, 'True'),
    (811, 33, 'True'),
    (812, 6, '1'),
    (812, 7, 'energy_countdown_00'),
    (812, 8, '1.1'),
    (812, 9, 'init'),
    (812, 10, '0.5'),
    (813, 29, 'True'),
    (814, 27, 'True'),
    (814, 29, 'True'),
    (814, 31, 'Wind-up'),
    (815, 29, 'True'),
    (816, 29, 'True'),
    (817, 29, 'True'),
    (818, 29, 'True'),
    (818, 31, 'Niara'),
    (819, 29, 'True'),
    (820, 29, 'True'),
    (821, 29, 'True'),
    (822, 29, 'True'),
    (823, 29, 'True'),
    (824, 29, 'True'),
    (825, 29, 'True'),
    (826, 29, 'True'),
    (827, 29, 'True'),
    (828, 29, 'True'),
    (829, 29, 'True'),
    (829, 34, 'feather_pens'),
    (830, 29, 'True'),
    (831, 29, 'True'),
    (854, 29, 'True'),
    (855, 29, 'True'),
    (856, 29, 'True');
